{"nm":"Thumbs up","ddd":0,"h":500,"w":500,"meta":{"g":"@lottiefiles/toolkit-js 0.33.2"},"layers":[{"ty":4,"nm":"Thumbs up effects","sr":1,"st":0,"op":1881,"ip":0,"hd":false,"ddd":0,"bm":0,"hasMask":false,"ao":0,"ks":{"a":{"a":0,"k":[0,0,0],"ix":1},"s":{"a":0,"k":[100,100,100],"ix":6},"sk":{"a":0,"k":0},"p":{"a":0,"k":[81,85,0],"ix":2},"r":{"a":0,"k":0,"ix":10},"sa":{"a":0,"k":0},"o":{"a":0,"k":100,"ix":11}},"ef":[],"shapes":[{"ty":"gr","bm":0,"hd":false,"mn":"ADBE Vector Group","nm":"Group 1","ix":1,"cix":2,"np":2,"it":[{"ty":"sh","bm":0,"hd":false,"mn":"ADBE Vector Shape - Group","nm":"Path 1","ix":1,"d":1,"ks":{"a":0,"k":{"c":false,"i":[[0,0],[0,0]],"o":[[0,0],[0,0]],"v":[[179.513,-45.626],[181.265,58.192]]},"ix":2}},{"ty":"st","bm":0,"hd":false,"mn":"ADBE Vector Graphic - Stroke","nm":"Stroke 1","lc":2,"lj":1,"ml":10,"o":{"a":0,"k":100,"ix":4},"w":{"a":0,"k":20,"ix":5},"c":{"a":0,"k":[0,0,0],"ix":3}},{"ty":"tr","a":{"a":0,"k":[0,0],"ix":1},"s":{"a":0,"k":[100,100],"ix":3},"sk":{"a":0,"k":0,"ix":4},"p":{"a":0,"k":[0,0],"ix":2},"r":{"a":0,"k":0,"ix":6},"sa":{"a":0,"k":0,"ix":5},"o":{"a":0,"k":100,"ix":7}}]},{"ty":"gr","bm":0,"hd":false,"mn":"ADBE Vector Group","nm":"Group 2","ix":2,"cix":2,"np":2,"it":[{"ty":"sh","bm":0,"hd":false,"mn":"ADBE Vector Shape - Group","nm":"Path 1","ix":1,"d":1,"ks":{"a":0,"k":{"c":false,"i":[[0,0],[0,0]],"o":[[0,0],[0,0]],"v":[[285.443,-3.717],[224.752,80.532]]},"ix":2}},{"ty":"st","bm":0,"hd":false,"mn":"ADBE Vector Graphic - Stroke","nm":"Stroke 1","lc":2,"lj":1,"ml":10,"o":{"a":0,"k":100,"ix":4},"w":{"a":0,"k":20,"ix":5},"c":{"a":0,"k":[0,0,0],"ix":3}},{"ty":"tr","a":{"a":0,"k":[0,0],"ix":1},"s":{"a":0,"k":[100,100],"ix":3},"sk":{"a":0,"k":0,"ix":4},"p":{"a":0,"k":[0,0],"ix":2},"r":{"a":0,"k":0,"ix":6},"sa":{"a":0,"k":0,"ix":5},"o":{"a":0,"k":100,"ix":7}}]},{"ty":"gr","bm":0,"hd":false,"mn":"ADBE Vector Group","nm":"Group 3","ix":3,"cix":2,"np":2,"it":[{"ty":"sh","bm":0,"hd":false,"mn":"ADBE Vector Shape - Group","nm":"Path 1","ix":1,"d":1,"ks":{"a":0,"k":{"c":false,"i":[[0,0],[0,0]],"o":[[0,0],[0,0]],"v":[[72.415,-3.717],[133.105,80.532]]},"ix":2}},{"ty":"st","bm":0,"hd":false,"mn":"ADBE Vector Graphic - Stroke","nm":"Stroke 1","lc":2,"lj":1,"ml":10,"o":{"a":0,"k":100,"ix":4},"w":{"a":0,"k":20,"ix":5},"c":{"a":0,"k":[0,0,0],"ix":3}},{"ty":"tr","a":{"a":0,"k":[0,0],"ix":1},"s":{"a":0,"k":[100,100],"ix":3},"sk":{"a":0,"k":0,"ix":4},"p":{"a":0,"k":[0,0],"ix":2},"r":{"a":0,"k":0,"ix":6},"sa":{"a":0,"k":0,"ix":5},"o":{"a":0,"k":100,"ix":7}}]},{"ty":"tm","bm":0,"hd":false,"mn":"ADBE Vector Filter - Trim","nm":"Trim Paths 1","ix":4,"e":{"a":1,"k":[{"o":{"x":0.167,"y":0.167},"i":{"x":0.833,"y":0.833},"s":[100],"t":12},{"s":[0],"t":21}],"ix":2},"o":{"a":0,"k":0,"ix":3},"s":{"a":1,"k":[{"o":{"x":0.167,"y":0.167},"i":{"x":0.833,"y":0.833},"s":[100],"t":13},{"s":[0],"t":18}],"ix":1},"m":1}],"ind":1},{"ty":4,"nm":"Thumbs up","sr":1,"st":0,"op":1881,"ip":0,"hd":false,"ddd":0,"bm":0,"hasMask":false,"ao":0,"ks":{"a":{"a":0,"k":[46,258,0],"ix":1},"s":{"a":0,"k":[100,100,100],"ix":6},"sk":{"a":0,"k":0},"p":{"a":1,"k":[{"o":{"x":0.167,"y":0.167},"i":{"x":0.667,"y":1},"s":[150,344,0],"t":0,"ti":[0,0,0],"to":[0,0,0]},{"o":{"x":0.333,"y":0},"i":{"x":0.667,"y":1},"s":[150,370,0],"t":6,"ti":[0,0,0],"to":[0,0,0]},{"o":{"x":0.333,"y":0},"i":{"x":0.667,"y":1},"s":[150,327,0],"t":14,"ti":[0,0,0],"to":[0,0,0]},{"s":[150,344,0],"t":22}],"ix":2},"r":{"a":1,"k":[{"o":{"x":0.167,"y":0.167},"i":{"x":0.667,"y":1},"s":[0],"t":0},{"o":{"x":0.333,"y":0},"i":{"x":0.667,"y":1},"s":[8.897],"t":6},{"o":{"x":0.333,"y":0},"i":{"x":0.667,"y":1},"s":[-8.312],"t":14},{"s":[0],"t":22}],"ix":10},"sa":{"a":0,"k":0},"o":{"a":0,"k":100,"ix":11}},"ef":[],"shapes":[{"ty":"gr","bm":0,"hd":false,"mn":"ADBE Vector Group","nm":"Group 4","ix":1,"cix":2,"np":2,"it":[{"ty":"gr","bm":0,"hd":false,"mn":"ADBE Vector Group","nm":"thumb","ix":1,"cix":2,"np":2,"it":[{"ty":"sh","bm":0,"hd":false,"mn":"ADBE Vector Shape - Group","nm":"Path 1","ix":1,"d":1,"ks":{"a":1,"k":[{"o":{"x":0.167,"y":0.167},"i":{"x":0.833,"y":0.833},"s":[{"c":true,"i":[[0,0],[19.147,0],[0,0],[-5.965,3.853],[1.645,9.777],[8.168,-1.522],[10.866,-0.96],[20.095,-13.28],[25.786,-12.284],[0,0],[0,0],[0,0],[0,0],[-18.213,1.005],[0,0],[-0.943,11.446],[0,0],[0,2.883]],"o":[[0,-19.147],[0,0],[8.459,-0.954],[8.275,-2.172],[-0.976,-5.804],[-8.179,1.524],[-17.632,1.558],[-17.717,11.709],[0,0],[0,0],[0,0],[0,0],[8.253,1.537],[18.213,-1.005],[10.856,-3.75],[0,0],[2.679,-5.021],[0,0]],"v":[[255.097,208.576],[216.41,194.508],[208.495,195.248],[238.211,194.374],[251.176,173.588],[238.533,163.578],[198.014,167.924],[148.747,181.794],[83.468,217.49],[83.469,217.49],[83.468,217.49],[83.468,313.958],[149.653,326.286],[187.646,327.402],[223.371,320.128],[242.785,295.123],[247.324,251.579],[251.784,239.028]]}],"t":6},{"o":{"x":0.167,"y":0.167},"i":{"x":0.833,"y":0.833},"s":[{"c":true,"i":[[0,0],[19.147,0],[0,0],[-2.99,8.658],[2.407,5.888],[5.005,-2.731],[6.371,-1.864],[17.858,-12.262],[28.048,-13.361],[0,0],[0,0],[0,0],[0,0],[-18.213,1.005],[0,0],[-0.943,11.446],[0,0],[0,2.883]],"o":[[0,-19.147],[0,0],[10.729,-6.068],[4.145,-8.167],[-3.221,-4.624],[-5.764,0.514],[-12.869,6.759],[-18.434,12.747],[0,0],[0,0],[0,0],[0,0],[8.253,1.537],[18.213,-1.005],[10.856,-3.75],[0,0],[2.679,-5.021],[0,0]],"v":[[255.097,208.576],[216.41,194.508],[208.495,195.248],[233.482,173.858],[234.937,153.103],[216.004,144.521],[195.66,154.502],[153.221,178.712],[83.468,217.49],[83.469,217.49],[83.468,217.49],[83.468,313.958],[149.653,326.286],[187.646,327.402],[223.371,320.128],[242.785,295.123],[247.324,251.579],[251.784,239.028]]}],"t":8},{"o":{"x":0.167,"y":0.167},"i":{"x":0.667,"y":1},"s":[{"c":true,"i":[[0,0],[19.147,0],[0,0],[-0.015,13.464],[3.17,1.998],[1.842,-3.94],[1.876,-2.768],[15.621,-11.245],[30.31,-14.438],[0,0],[0,0],[0,0],[0,0],[-18.213,1.005],[0,0],[-0.943,11.446],[0,0],[0,2.883]],"o":[[0,-19.147],[0,0],[12.999,-11.183],[0.015,-14.162],[-5.465,-3.444],[-1.559,3.336],[-8.106,11.961],[-19.15,13.786],[0,0],[0,0],[0,0],[0,0],[8.253,1.537],[18.213,-1.005],[10.856,-3.75],[0,0],[2.679,-5.021],[0,0]],"v":[[255.097,208.576],[216.41,194.508],[208.495,195.248],[228.752,153.343],[218.699,132.618],[197.399,133.579],[193.306,141.079],[157.696,175.629],[83.468,217.49],[83.469,217.49],[83.468,217.49],[83.468,313.958],[149.653,326.286],[187.646,327.402],[223.371,320.128],[242.785,295.123],[247.324,251.579],[251.784,239.028]]}],"t":10},{"o":{"x":0.333,"y":0},"i":{"x":0.667,"y":1},"s":[{"c":true,"i":[[0,0],[19.147,0],[0,0],[3.7,12.946],[13.613,-3.907],[0,0],[-0.517,-3.304],[5.11,-17.503],[30.31,-14.438],[0,0],[0,0],[0,0],[0,0],[-18.213,1.005],[0,0],[-0.943,11.446],[0,0],[0,2.883]],"o":[[0,-19.147],[0,0],[5.021,-21.295],[-3.892,-13.617],[0,0],[-3.214,0.922],[2.688,17.181],[-6.265,21.458],[0,0],[0,0],[0,0],[0,0],[8.253,1.537],[18.213,-1.005],[10.856,-3.75],[0,0],[2.679,-5.021],[0,0]],"v":[[255.097,208.576],[216.41,194.508],[190.997,195.49],[185.733,138.863],[153.997,121.172],[148.17,122.844],[143.406,130.23],[140.843,182.212],[83.468,217.49],[83.469,217.49],[83.468,217.49],[83.468,313.958],[149.653,326.286],[187.646,327.402],[223.371,320.128],[242.785,295.123],[247.324,251.579],[251.784,239.028]]}],"t":14},{"s":[{"c":true,"i":[[0,0],[19.147,0],[0,0],[-0.015,13.464],[14.162,0],[0,0],[0.415,-3.318],[9.741,-15.414],[30.31,-14.438],[0,0],[0,0],[0,0],[0,0],[-18.213,1.005],[0,0],[-0.943,11.446],[0,0],[0,2.883]],"o":[[0,-19.147],[0,0],[5.021,-21.295],[0.015,-14.162],[0,0],[-3.344,0],[-2.156,17.255],[-11.942,18.897],[0,0],[0,0],[0,0],[0,0],[8.253,1.537],[18.213,-1.005],[10.856,-3.75],[0,0],[2.679,-5.021],[0,0]],"v":[[255.097,208.576],[216.41,194.508],[190.997,195.49],[200.033,137.739],[174.409,111.979],[168.347,111.979],[161.73,117.764],[144.926,167.021],[83.468,217.49],[83.469,217.49],[83.468,217.49],[83.468,313.958],[149.653,326.286],[187.646,327.402],[223.371,320.128],[242.785,295.123],[247.324,251.579],[251.784,239.028]]}],"t":22}],"ix":2}},{"ty":"fl","bm":0,"hd":false,"mn":"ADBE Vector Graphic - Fill","nm":"Fill 1","c":{"a":0,"k":[1,0.5647,0.9059],"ix":4},"r":1,"o":{"a":0,"k":100,"ix":5}},{"ty":"tr","a":{"a":0,"k":[0,0],"ix":1},"s":{"a":0,"k":[100,100],"ix":3},"sk":{"a":0,"k":0,"ix":4},"p":{"a":0,"k":[0,0],"ix":2},"r":{"a":0,"k":0,"ix":6},"sa":{"a":0,"k":0,"ix":5},"o":{"a":0,"k":100,"ix":7}}]},{"ty":"gr","bm":0,"hd":false,"mn":"ADBE Vector Group","nm":"Group 2","ix":2,"cix":2,"np":2,"it":[{"ty":"sh","bm":0,"hd":false,"mn":"ADBE Vector Shape - Group","nm":"Path 1","ix":1,"d":1,"ks":{"a":0,"k":{"c":true,"i":[[6.105,0],[0,0],[0,6.105],[0,0],[-6.105,0],[0,0],[0,-6.105],[0,0]],"o":[[0,0],[-6.105,0],[0,0],[0,-6.105],[0,0],[6.105,0],[0,0],[0,6.105]],"v":[[61.361,333.05],[29.205,333.05],[18.152,321.997],[18.152,208.446],[29.205,197.393],[61.361,197.393],[72.415,208.446],[72.415,321.997]]},"ix":2}},{"ty":"fl","bm":0,"hd":false,"mn":"ADBE Vector Graphic - Fill","nm":"Fill 1","c":{"a":0,"k":[0,0,0],"ix":4},"r":1,"o":{"a":0,"k":100,"ix":5}},{"ty":"tr","a":{"a":0,"k":[0,0],"ix":1},"s":{"a":0,"k":[100,100],"ix":3},"sk":{"a":0,"k":0,"ix":4},"p":{"a":0,"k":[0,0],"ix":2},"r":{"a":0,"k":0,"ix":6},"sa":{"a":0,"k":0,"ix":5},"o":{"a":0,"k":100,"ix":7}}]},{"ty":"tr","a":{"a":0,"k":[0,0],"ix":1},"s":{"a":0,"k":[100,100],"ix":3},"sk":{"a":0,"k":0,"ix":4},"p":{"a":0,"k":[0,0],"ix":2},"r":{"a":0,"k":0,"ix":6},"sa":{"a":0,"k":0,"ix":5},"o":{"a":0,"k":100,"ix":7}}]}],"ind":2}],"v":"5.7.4","fr":30,"op":36,"ip":0,"assets":[]}