{
    "v": "4.8.0",
    "meta": {
    "g": "LottieFiles AE 3.5.4",
    "a": "",
    "k": "",
    "d": "",
    "tc": ""
    },
    "fr": 29.9700012207031,
    "ip": 0,
    "op": 25.0000010182709,
    "w": 300,
    "h": 180,
    "nm": "Comp 1",
    "ddd": 0,
    "assets": [],
    "layers": [
    {
    "ddd": 0,
    "ind": 1,
    "ty": 4,
    "nm": "smile Outlines",
    "sr": 1,
    "ks": {
    "o": {
    "a": 0,
    "k": 100,
    "ix": 11
    },
    "r": {
    "a": 0,
    "k": 0,
    "ix": 10
    },
    "p": {
    "a": 0,
    "k": [
    150,
    88,
    0
    ],
    "ix": 2
    },
    "a": {
    "a": 0,
    "k": [
    65,
    39,
    0
    ],
    "ix": 1
    },
    "s": {
    "a": 0,
    "k": [
    268.238,
    268.238,
    100
    ],
    "ix": 6
    }
    },
    "ao": 0,
    "shapes": [
    {
    "ty": "gr",
    "it": [
    {
    "ind": 0,
    "ty": "sh",
    "ix": 1,
    "ks": {
    "a": 0,
    "k": {
    "i": [
    [
    0,
    0
    ],
    [
    -22.586,
    0
    ],
    [
    -4.652,
    21.187
    ]
    ],
    "o": [
    [
    4.652,
    21.189
    ],
    [
    22.585,
    0
    ],
    [
    0,
    0
    ]
    ],
    "v": [
    [
    -46.115,
    -18.523
    ],
    [
    0.001,
    18.523
    ],
    [
    46.115,
    -18.523
    ]
    ],
    "c": false
    },
    "ix": 2
    },
    "nm": "Path 1",
    "mn": "ADBE Vector Shape - Group",
    "hd": false
    },
    {
    "ty": "st",
    "c": {
    "a": 0,
    "k": [
    0,
    0,
    0,
    1
    ],
    "ix": 3
    },
    "o": {
    "a": 0,
    "k": 100,
    "ix": 4
    },
    "w": {
    "a": 0,
    "k": 18.407,
    "ix": 5
    },
    "lc": 2,
    "lj": 2,
    "bm": 0,
    "nm": "Stroke 1",
    "mn": "ADBE Vector Graphic - Stroke",
    "hd": false
    },
    {
    "ty": "tr",
    "p": {
    "a": 0,
    "k": [
    65.139,
    38.76
    ],
    "ix": 2
    },
    "a": {
    "a": 0,
    "k": [
    0,
    0
    ],
    "ix": 1
    },
    "s": {
    "a": 0,
    "k": [
    100,
    100
    ],
    "ix": 3
    },
    "r": {
    "a": 0,
    "k": 0,
    "ix": 6
    },
    "o": {
    "a": 0,
    "k": 100,
    "ix": 7
    },
    "sk": {
    "a": 0,
    "k": 0,
    "ix": 4
    },
    "sa": {
    "a": 0,
    "k": 0,
    "ix": 5
    },
    "nm": "Transform"
    }
    ],
    "nm": "Group 1",
    "np": 2,
    "cix": 2,
    "bm": 0,
    "ix": 1,
    "mn": "ADBE Vector Group",
    "hd": false
    },
    {
    "ty": "tm",
    "s": {
    "a": 0,
    "k": 0,
    "ix": 1
    },
    "e": {
    "a": 1,
    "k": [
    {
    "i": {
    "x": [
    0.667
    ],
    "y": [
    1
    ]
    },
    "o": {
    "x": [
    1
    ],
    "y": [
    0
    ]
    },
    "t": 0,
    "s": [
    0
    ]
    },
    {
    "t": 23.0000009368092,
    "s": [
    100
    ]
    }
    ],
    "ix": 2
    },
    "o": {
    "a": 0,
    "k": 0,
    "ix": 3
    },
    "m": 1,
    "ix": 2,
    "nm": "Trim Paths 1",
    "mn": "ADBE Vector Filter - Trim",
    "hd": false
    }
    ],
    "ip": 0,
    "op": 900.000036657751,
    "st": 0,
    "bm": 0
    }
    ],
    "markers": []
    }