{"v":"5.5.7","meta":{"g":"LottieFiles AE 0.1.20","a":"","k":"","d":"","tc":""},"fr":30,"ip":0,"op":81,"w":100,"h":100,"nm":"Comp 1","ddd":0,"assets":[],"layers":[{"ddd":0,"ind":1,"ty":4,"nm":"Refresh 2","sr":1,"ks":{"o":{"a":0,"k":100,"ix":11},"r":{"a":1,"k":[{"i":{"x":[0.667],"y":[1]},"o":{"x":[0.333],"y":[0]},"t":0,"s":[0]},{"i":{"x":[0.667],"y":[1]},"o":{"x":[0.333],"y":[0]},"t":30,"s":[180]},{"i":{"x":[0.667],"y":[1]},"o":{"x":[0.333],"y":[0]},"t":40,"s":[180]},{"t":70,"s":[360]}],"ix":10},"p":{"a":0,"k":[50,50,0],"ix":2},"a":{"a":0,"k":[-0.3,-15.04,0],"ix":1},"s":{"a":0,"k":[100,100,100],"ix":6}},"ao":0,"shapes":[{"ty":"gr","it":[{"ind":0,"ty":"sh","ix":1,"ks":{"a":0,"k":{"i":[[-0.552,0],[0,-0.538],[6.052,0],[2.004,2.316],[0,0],[0.547,0.072],[-0.074,0.533],[0,0],[-0.547,-0.071],[0,0],[0.073,-0.533],[0.547,0.071],[0,0],[-2.83,0],[0,4.816]],"o":[[0.552,0],[0,5.892],[-3.342,0],[0,0],[-0.074,0.533],[-0.547,-0.072],[0,0],[0.074,-0.532],[0,0],[0.547,0.071],[-0.073,0.533],[0,0],[1.626,1.986],[4.948,0],[0,-0.538]],"v":[[9.9,-5.987],[10.9,-5.013],[-0.1,5.695],[-8.463,1.946],[-8.909,5.144],[-10.034,5.978],[-10.891,4.882],[-10.091,-0.861],[-8.968,-1.695],[-2.968,-0.916],[-2.108,0.177],[-3.232,1.013],[-7.083,0.514],[-0.1,3.748],[8.9,-5.013]],"c":true},"ix":2},"nm":"Path 1","mn":"ADBE Vector Shape - Group","hd":false},{"ty":"fl","c":{"a":0,"k":[0,0,0,1],"ix":4},"o":{"a":0,"k":100,"ix":5},"r":1,"bm":0,"nm":"Fill 1","mn":"ADBE Vector Graphic - Fill","hd":false},{"ty":"tr","p":{"a":0,"k":[0,0],"ix":2},"a":{"a":0,"k":[0,0],"ix":1},"s":{"a":0,"k":[300,300],"ix":3},"r":{"a":0,"k":0,"ix":6},"o":{"a":0,"k":100,"ix":7},"sk":{"a":0,"k":0,"ix":4},"sa":{"a":0,"k":0,"ix":5},"nm":"Transform"}],"nm":"Refresh 2","np":2,"cix":2,"bm":0,"ix":1,"mn":"ADBE Vector Group","hd":false}],"ip":0,"op":150,"st":0,"bm":0},{"ddd":0,"ind":2,"ty":4,"nm":"Refresh 1","sr":1,"ks":{"o":{"a":0,"k":100,"ix":11},"r":{"a":1,"k":[{"i":{"x":[0.667],"y":[1]},"o":{"x":[0.333],"y":[0]},"t":0,"s":[0]},{"i":{"x":[0.667],"y":[1]},"o":{"x":[0.333],"y":[0]},"t":30,"s":[180]},{"i":{"x":[0.667],"y":[1]},"o":{"x":[0.333],"y":[0]},"t":40,"s":[180]},{"t":70,"s":[360]}],"ix":10},"p":{"a":0,"k":[50,50,0],"ix":2},"a":{"a":0,"k":[0.299,15.04,0],"ix":1},"s":{"a":0,"k":[100,100,100],"ix":6}},"ao":0,"shapes":[{"ty":"gr","it":[{"ind":0,"ty":"sh","ix":1,"ks":{"a":0,"k":{"i":[[0,0],[0.547,0.072],[0.074,-0.533],[0,0],[3.342,0],[0,-5.892],[-0.552,0],[0,0.538],[-4.948,0],[-1.626,-1.986],[0,0],[0.073,-0.533],[-0.547,-0.071],[0,0],[-0.074,0.532]],"o":[[0.074,-0.533],[-0.547,-0.072],[0,0],[-2.004,-2.316],[-6.052,0],[0,0.538],[0.552,0],[0,-4.816],[2.83,0],[0,0],[-0.547,-0.071],[-0.073,0.533],[0,0],[0.547,0.071],[0,0]],"v":[[10.891,-4.882],[10.034,-5.978],[8.909,-5.144],[8.464,-1.945],[0.1,-5.695],[-10.9,5.013],[-9.9,5.987],[-8.9,5.013],[0.1,-3.748],[7.083,-0.514],[3.232,-1.014],[2.109,-0.177],[2.968,0.916],[8.968,1.695],[10.091,0.861]],"c":true},"ix":2},"nm":"Path 1","mn":"ADBE Vector Shape - Group","hd":false},{"ty":"fl","c":{"a":0,"k":[0,0,0,1],"ix":4},"o":{"a":0,"k":100,"ix":5},"r":1,"bm":0,"nm":"Fill 1","mn":"ADBE Vector Graphic - Fill","hd":false},{"ty":"tr","p":{"a":0,"k":[0,0],"ix":2},"a":{"a":0,"k":[0,0],"ix":1},"s":{"a":0,"k":[300,300],"ix":3},"r":{"a":0,"k":0,"ix":6},"o":{"a":0,"k":100,"ix":7},"sk":{"a":0,"k":0,"ix":4},"sa":{"a":0,"k":0,"ix":5},"nm":"Transform"}],"nm":"Refresh 1","np":2,"cix":2,"bm":0,"ix":1,"mn":"ADBE Vector Group","hd":false}],"ip":0,"op":150,"st":0,"bm":0}],"markers":[]}