{"nm":"Open Folder","ddd":0,"h":400,"w":400,"meta":{"g":"@lottiefiles/toolkit-js 0.33.2"},"layers":[{"ty":3,"nm":"Null 1","sr":1,"st":0,"op":101,"ip":0,"hd":false,"ddd":0,"bm":0,"hasMask":false,"ao":0,"ks":{"a":{"a":0,"k":[0,0,0],"ix":1},"s":{"a":1,"k":[{"o":{"x":0.333,"y":0},"i":{"x":0.667,"y":1},"s":[100,100,100],"t":0},{"o":{"x":0.333,"y":0},"i":{"x":0.667,"y":1},"s":[105,105,100],"t":20},{"o":{"x":0.333,"y":0},"i":{"x":0.667,"y":1},"s":[105,105,100],"t":70},{"s":[100,100,100],"t":90}],"ix":6},"sk":{"a":0,"k":0},"p":{"a":0,"k":[200,200,0],"ix":2},"r":{"a":1,"k":[{"o":{"x":0.333,"y":0},"i":{"x":0.667,"y":1},"s":[0],"t":0},{"o":{"x":0.333,"y":0},"i":{"x":0.667,"y":1},"s":[5],"t":20},{"o":{"x":0.333,"y":0},"i":{"x":0.667,"y":1},"s":[5],"t":70},{"s":[0],"t":90}],"ix":10},"sa":{"a":0,"k":0},"o":{"a":0,"k":0,"ix":11}},"ef":[],"ind":1},{"ty":4,"nm":"glass","sr":1,"st":0,"op":101,"ip":0,"hd":false,"ddd":0,"bm":0,"hasMask":false,"ao":0,"ks":{"a":{"a":0,"k":[0,0,0],"ix":1},"s":{"a":0,"k":[100,100,100],"ix":6},"sk":{"a":0,"k":0},"p":{"a":0,"k":[3.5,30.935,0],"ix":2},"r":{"a":0,"k":0,"ix":10},"sa":{"a":0,"k":0},"o":{"a":0,"k":100,"ix":11}},"ef":[],"shapes":[{"ty":"gr","bm":0,"hd":false,"mn":"ADBE Vector Group","nm":"Group 1","ix":1,"cix":2,"np":2,"it":[{"ty":"sh","bm":0,"hd":false,"mn":"ADBE Vector Shape - Group","nm":"Path 1","ix":1,"d":1,"ks":{"a":1,"k":[{"o":{"x":0.4,"y":0},"i":{"x":0.6,"y":1},"s":[{"c":true,"i":[[7.515,0],[0,0],[-1.187,6.782],[0,0],[-7.515,0],[0,0],[0,-6.707],[0,0]],"o":[[0,0],[-7.515,0],[0,0],[0,-6.707],[0,0],[7.515,0],[0,0],[-1.187,6.782]],"v":[[78.594,69.829],[-110.042,69.829],[-121.5,57.55],[-121.382,-57.676],[-105.625,-69.956],[83.011,-69.956],[94.469,-57.676],[94.351,57.55]]}],"t":0},{"o":{"x":0.4,"y":0},"i":{"x":0.6,"y":1},"s":[{"c":true,"i":[[7.515,0],[0,0],[-1.187,6.782],[0,0],[-7.515,0],[0,0],[1.187,-6.782],[0,0]],"o":[[0,0],[-7.515,0],[0,0],[1.187,-6.782],[0,0],[7.515,0],[0,0],[-1.187,6.782]],"v":[[78.594,69.829],[-110.042,69.829],[-121.5,57.55],[-94.351,-57.55],[-78.594,-69.829],[110.042,-69.829],[121.5,-57.55],[94.351,57.55]]}],"t":20},{"o":{"x":0.4,"y":0},"i":{"x":0.6,"y":1},"s":[{"c":true,"i":[[7.515,0],[0,0],[-1.187,6.782],[0,0],[-7.515,0],[0,0],[1.187,-6.782],[0,0]],"o":[[0,0],[-7.515,0],[0,0],[1.187,-6.782],[0,0],[7.515,0],[0,0],[-1.187,6.782]],"v":[[78.594,69.829],[-110.042,69.829],[-121.5,57.55],[-94.351,-57.55],[-78.594,-69.829],[110.042,-69.829],[121.5,-57.55],[94.351,57.55]]}],"t":70},{"s":[{"c":true,"i":[[7.515,0],[0,0],[-1.187,6.782],[0,0],[-7.515,0],[0,0],[0,-6.707],[0,0]],"o":[[0,0],[-7.515,0],[0,0],[0,-6.707],[0,0],[7.515,0],[0,0],[-1.187,6.782]],"v":[[78.594,69.829],[-110.042,69.829],[-121.5,57.55],[-121.382,-57.676],[-105.625,-69.956],[83.011,-69.956],[94.469,-57.676],[94.351,57.55]]}],"t":90}],"ix":2}},{"ty":"fl","bm":0,"hd":false,"mn":"ADBE Vector Graphic - Fill","nm":"Fill 1","c":{"a":0,"k":[1,0.8627,0.149],"ix":4},"r":1,"o":{"a":0,"k":100,"ix":5}},{"ty":"tr","a":{"a":0,"k":[0,0],"ix":1},"s":{"a":0,"k":[100,100],"ix":3},"sk":{"a":0,"k":0,"ix":4},"p":{"a":0,"k":[0,0],"ix":2},"r":{"a":0,"k":0,"ix":6},"sa":{"a":0,"k":0,"ix":5},"o":{"a":0,"k":100,"ix":7}}]}],"ind":2,"parent":1},{"ty":0,"nm":"layer","sr":1,"st":0,"op":101,"ip":0,"hd":false,"ddd":0,"bm":0,"hasMask":false,"ao":0,"ks":{"a":{"a":0,"k":[200,200,0],"ix":1},"s":{"a":0,"k":[100,100,100],"ix":6},"sk":{"a":0,"k":0},"p":{"a":0,"k":[0,0,0],"ix":2},"r":{"a":0,"k":0,"ix":10},"sa":{"a":0,"k":0},"o":{"a":0,"k":100,"ix":11}},"ef":[],"w":400,"h":400,"refId":"comp_0","ind":3,"parent":1}],"v":"5.12.1","fr":30,"op":101,"ip":0,"assets":[{"nm":"layer","id":"comp_0","layers":[{"ty":4,"nm":"1 - 3","sr":1,"st":0,"op":215,"ip":0,"hd":false,"ddd":0,"bm":0,"hasMask":false,"ao":0,"ks":{"a":{"a":0,"k":[0,0,0],"ix":1},"s":{"a":0,"k":[100,100,100],"ix":6},"sk":{"a":0,"k":0},"p":{"a":1,"k":[{"o":{"x":0.4,"y":0},"i":{"x":0.6,"y":1},"s":[183.217,239.1,0],"t":10,"ti":[0,15.5,0],"to":[0,-15.5,0]},{"o":{"x":0.167,"y":0.167},"i":{"x":0.833,"y":0.833},"s":[183.217,146.1,0],"t":30,"ti":[0,0,0],"to":[0,0,0]},{"o":{"x":0.4,"y":0},"i":{"x":0.6,"y":1},"s":[183.217,146.1,0],"t":60,"ti":[0,-15.5,0],"to":[0,15.5,0]},{"s":[183.217,239.1,0],"t":75}],"ix":2},"r":{"a":0,"k":0,"ix":10},"sa":{"a":0,"k":0},"o":{"a":0,"k":100,"ix":11}},"ef":[],"shapes":[{"ty":"gr","bm":0,"hd":false,"mn":"ADBE Vector Group","nm":"Group 1","ix":1,"cix":2,"np":2,"it":[{"ty":"sh","bm":0,"hd":false,"mn":"ADBE Vector Shape - Group","nm":"Path 1","ix":1,"d":1,"ks":{"a":0,"k":{"c":false,"i":[[0,0],[0,0]],"o":[[0,0],[0,0]],"v":[[-49.77,0],[34.77,0]]},"ix":2}},{"ty":"st","bm":0,"hd":false,"mn":"ADBE Vector Graphic - Stroke","nm":"Stroke 1","lc":2,"lj":1,"ml":10,"o":{"a":0,"k":100,"ix":4},"w":{"a":0,"k":9,"ix":5},"c":{"a":0,"k":[0.2431,0.5373,1],"ix":3}},{"ty":"tr","a":{"a":0,"k":[0,0],"ix":1},"s":{"a":0,"k":[100,100],"ix":3},"sk":{"a":0,"k":0,"ix":4},"p":{"a":0,"k":[0,0],"ix":2},"r":{"a":0,"k":0,"ix":6},"sa":{"a":0,"k":0,"ix":5},"o":{"a":0,"k":100,"ix":7}}]},{"ty":"tm","bm":0,"hd":false,"mn":"ADBE Vector Filter - Trim","nm":"Trim Paths 1","ix":2,"e":{"a":1,"k":[{"o":{"x":0.4,"y":0},"i":{"x":0.6,"y":1},"s":[0],"t":25},{"o":{"x":0.167,"y":0},"i":{"x":0.6,"y":1},"s":[100],"t":35},{"o":{"x":0.4,"y":0},"i":{"x":0.6,"y":1},"s":[100],"t":78},{"s":[0],"t":88}],"ix":2},"o":{"a":0,"k":0,"ix":3},"s":{"a":0,"k":0,"ix":1},"m":1}],"ind":1},{"ty":4,"nm":"1 - 2","sr":1,"st":0,"op":215,"ip":0,"hd":false,"ddd":0,"bm":0,"hasMask":false,"ao":0,"ks":{"a":{"a":0,"k":[0,0,0],"ix":1},"s":{"a":0,"k":[100,100,100],"ix":6},"sk":{"a":0,"k":0},"p":{"a":1,"k":[{"o":{"x":0.4,"y":0},"i":{"x":0.6,"y":1},"s":[170.603,217.237,0],"t":10,"ti":[0,15.5,0],"to":[0,-15.5,0]},{"o":{"x":0.167,"y":0.167},"i":{"x":0.833,"y":0.833},"s":[170.603,124.237,0],"t":30,"ti":[0,0,0],"to":[0,0,0]},{"o":{"x":0.4,"y":0},"i":{"x":0.6,"y":1},"s":[170.603,124.237,0],"t":60,"ti":[0,-15.5,0],"to":[0,15.5,0]},{"s":[170.603,217.237,0],"t":75}],"ix":2},"r":{"a":0,"k":0,"ix":10},"sa":{"a":0,"k":0},"o":{"a":0,"k":100,"ix":11}},"ef":[],"shapes":[{"ty":"gr","bm":0,"hd":false,"mn":"ADBE Vector Group","nm":"Group 1","ix":1,"cix":2,"np":2,"it":[{"ty":"sh","bm":0,"hd":false,"mn":"ADBE Vector Shape - Group","nm":"Path 1","ix":1,"d":1,"ks":{"a":0,"k":{"c":false,"i":[[0,0],[0,0]],"o":[[0,0],[0,0]],"v":[[-37.157,0],[22.157,0]]},"ix":2}},{"ty":"st","bm":0,"hd":false,"mn":"ADBE Vector Graphic - Stroke","nm":"Stroke 1","lc":2,"lj":1,"ml":10,"o":{"a":0,"k":100,"ix":4},"w":{"a":0,"k":9,"ix":5},"c":{"a":0,"k":[0.2431,0.5373,1],"ix":3}},{"ty":"tr","a":{"a":0,"k":[0,0],"ix":1},"s":{"a":0,"k":[100,100],"ix":3},"sk":{"a":0,"k":0,"ix":4},"p":{"a":0,"k":[0,0],"ix":2},"r":{"a":0,"k":0,"ix":6},"sa":{"a":0,"k":0,"ix":5},"o":{"a":0,"k":100,"ix":7}}]},{"ty":"tm","bm":0,"hd":false,"mn":"ADBE Vector Filter - Trim","nm":"Trim Paths 1","ix":2,"e":{"a":1,"k":[{"o":{"x":0.4,"y":0},"i":{"x":0.6,"y":1},"s":[0],"t":20},{"o":{"x":0.4,"y":0},"i":{"x":0.6,"y":1},"s":[100],"t":30},{"o":{"x":0.4,"y":0},"i":{"x":0.6,"y":1},"s":[100],"t":74},{"s":[0],"t":84}],"ix":2},"o":{"a":0,"k":0,"ix":3},"s":{"a":0,"k":0,"ix":1},"m":1}],"ind":2},{"ty":4,"nm":"1 - 1","sr":1,"st":0,"op":215,"ip":0,"hd":false,"ddd":0,"bm":0,"hasMask":false,"ao":0,"ks":{"a":{"a":0,"k":[0,0,0],"ix":1},"s":{"a":0,"k":[100,100,100],"ix":6},"sk":{"a":0,"k":0},"p":{"a":1,"k":[{"o":{"x":0.4,"y":0},"i":{"x":0.6,"y":1},"s":[189.483,195.374,0],"t":10,"ti":[0,15.5,0],"to":[0,-15.5,0]},{"o":{"x":0.167,"y":0.167},"i":{"x":0.833,"y":0.833},"s":[189.483,102.374,0],"t":30,"ti":[0,0,0],"to":[0,0,0]},{"o":{"x":0.4,"y":0},"i":{"x":0.6,"y":1},"s":[189.483,102.374,0],"t":60,"ti":[0,-15.5,0],"to":[0,15.5,0]},{"s":[189.483,195.374,0],"t":75}],"ix":2},"r":{"a":0,"k":0,"ix":10},"sa":{"a":0,"k":0},"o":{"a":0,"k":100,"ix":11}},"ef":[],"shapes":[{"ty":"gr","bm":0,"hd":false,"mn":"ADBE Vector Group","nm":"Group 1","ix":1,"cix":2,"np":2,"it":[{"ty":"sh","bm":0,"hd":false,"mn":"ADBE Vector Shape - Group","nm":"Path 1","ix":1,"d":1,"ks":{"a":0,"k":{"c":false,"i":[[0,0],[0,0]],"o":[[0,0],[0,0]],"v":[[-56.037,0],[56.037,0]]},"ix":2}},{"ty":"st","bm":0,"hd":false,"mn":"ADBE Vector Graphic - Stroke","nm":"Stroke 1","lc":2,"lj":1,"ml":10,"o":{"a":0,"k":100,"ix":4},"w":{"a":0,"k":9,"ix":5},"c":{"a":0,"k":[0.2431,0.5373,1],"ix":3}},{"ty":"tr","a":{"a":0,"k":[0,0],"ix":1},"s":{"a":0,"k":[100,100],"ix":3},"sk":{"a":0,"k":0,"ix":4},"p":{"a":0,"k":[0,0],"ix":2},"r":{"a":0,"k":0,"ix":6},"sa":{"a":0,"k":0,"ix":5},"o":{"a":0,"k":100,"ix":7}}]},{"ty":"tm","bm":0,"hd":false,"mn":"ADBE Vector Filter - Trim","nm":"Trim Paths 1","ix":2,"e":{"a":1,"k":[{"o":{"x":0.4,"y":0},"i":{"x":0.6,"y":1},"s":[0],"t":15},{"o":{"x":0.167,"y":0},"i":{"x":0.6,"y":1},"s":[100],"t":25},{"o":{"x":0.4,"y":0},"i":{"x":0.6,"y":1},"s":[100],"t":69},{"s":[0],"t":79}],"ix":2},"o":{"a":0,"k":0,"ix":3},"s":{"a":0,"k":0,"ix":1},"m":1}],"ind":3},{"ty":4,"nm":"Layer 2","sr":1,"st":0,"op":215,"ip":0,"hd":false,"ddd":0,"bm":0,"hasMask":false,"ao":0,"ks":{"a":{"a":0,"k":[0,0,0],"ix":1},"s":{"a":0,"k":[100,100,100],"ix":6},"sk":{"a":0,"k":0},"p":{"a":0,"k":[189.483,190.167,0],"ix":2},"r":{"a":0,"k":0,"ix":10},"sa":{"a":0,"k":0},"o":{"a":0,"k":100,"ix":11}},"ef":[],"shapes":[{"ty":"gr","bm":0,"hd":false,"mn":"ADBE Vector Group","nm":"Group 1","ix":1,"cix":2,"np":2,"it":[{"ty":"sh","bm":0,"hd":false,"mn":"ADBE Vector Shape - Group","nm":"Path 1","ix":1,"d":1,"ks":{"a":1,"k":[{"o":{"x":0.4,"y":0},"i":{"x":0.6,"y":1},"s":[{"c":true,"i":[[5.157,0],[0,0],[0,5.157],[0,0],[-5.157,0],[0,0],[0,-5.157],[0,0]],"o":[[0,0],[-5.157,0],[0,0],[0,-5.157],[0,0],[5.157,0],[0,0],[0,5.157]],"v":[[70.89,86.826],[-70.882,86.826],[-80.22,77.487],[-80.681,-1.456],[-71.342,-10.794],[70.429,-10.794],[79.767,-1.456],[80.228,77.487]]}],"t":10},{"o":{"x":0.4,"y":0},"i":{"x":0.6,"y":1},"s":[{"c":true,"i":[[5.157,0],[0,0],[0,5.157],[0,0],[-5.157,0],[0,0],[0,-5.157],[0,0]],"o":[[0,0],[-5.157,0],[0,0],[0,-5.157],[0,0],[5.157,0],[0,0],[0,5.157]],"v":[[70.983,86.794],[-70.788,86.794],[-80.126,77.456],[-80.224,-101.456],[-70.886,-110.794],[70.886,-110.794],[80.224,-101.456],[80.321,77.456]]}],"t":30},{"o":{"x":0.4,"y":0},"i":{"x":0.6,"y":1},"s":[{"c":true,"i":[[5.157,0],[0,0],[0,5.157],[0,0],[-5.157,0],[0,0],[0,-5.157],[0,0]],"o":[[0,0],[-5.157,0],[0,0],[0,-5.157],[0,0],[5.157,0],[0,0],[0,5.157]],"v":[[70.983,86.794],[-70.788,86.794],[-80.126,77.456],[-80.224,-101.456],[-70.886,-110.794],[70.886,-110.794],[80.224,-101.456],[80.321,77.456]]}],"t":60},{"s":[{"c":true,"i":[[5.157,0],[0,0],[0,5.157],[0,0],[-5.157,0],[0,0],[0,-5.157],[0,0]],"o":[[0,0],[-5.157,0],[0,0],[0,-5.157],[0,0],[5.157,0],[0,0],[0,5.157]],"v":[[70.89,86.826],[-70.882,86.826],[-80.22,77.487],[-80.681,-1.456],[-71.342,-10.794],[70.429,-10.794],[79.767,-1.456],[80.228,77.487]]}],"t":80}],"ix":2}},{"ty":"fl","bm":0,"hd":false,"mn":"ADBE Vector Graphic - Fill","nm":"Fill 1","c":{"a":0,"k":[1,1,1],"ix":4},"r":1,"o":{"a":0,"k":100,"ix":5}},{"ty":"tr","a":{"a":0,"k":[0,0],"ix":1},"s":{"a":0,"k":[100,100],"ix":3},"sk":{"a":0,"k":0,"ix":4},"p":{"a":0,"k":[0,0],"ix":2},"r":{"a":0,"k":0,"ix":6},"sa":{"a":0,"k":0,"ix":5},"o":{"a":0,"k":100,"ix":7}}]}],"ind":4},{"ty":4,"nm":"Layer 1","sr":1,"st":0,"op":215,"ip":0,"hd":false,"ddd":0,"bm":0,"hasMask":false,"ao":0,"ks":{"a":{"a":0,"k":[0,0,0],"ix":1},"s":{"a":0,"k":[100,100,100],"ix":6},"sk":{"a":0,"k":0},"p":{"a":0,"k":[189.483,200,0],"ix":2},"r":{"a":0,"k":0,"ix":10},"sa":{"a":0,"k":0},"o":{"a":0,"k":100,"ix":11}},"ef":[],"shapes":[{"ty":"gr","bm":0,"hd":false,"mn":"ADBE Vector Group","nm":"Group 1","ix":1,"cix":2,"np":2,"it":[{"ty":"sh","bm":0,"hd":false,"mn":"ADBE Vector Shape - Group","nm":"Path 1","ix":1,"d":1,"ks":{"a":0,"k":{"c":true,"i":[[7.391,0],[0,0],[0,7.391],[0,0],[-7.391,0],[0,0],[-1.58,-2.305],[0,0],[-2.795,0],[0,0],[0,-7.391],[0,0]],"o":[[0,0],[-7.391,0],[0,0],[0,-7.391],[0,0],[2.795,0],[0,0],[1.58,2.305],[0,0],[7.391,0],[0,0],[0,7.391]],"v":[[94.271,100.961],[-94.271,100.961],[-107.653,87.578],[-107.653,-87.578],[-94.271,-100.961],[-54.799,-100.961],[-47.81,-97.278],[-36.618,-80.943],[-29.629,-77.26],[94.271,-77.26],[107.653,-63.877],[107.653,87.578]]},"ix":2}},{"ty":"fl","bm":0,"hd":false,"mn":"ADBE Vector Graphic - Fill","nm":"Fill 1","c":{"a":0,"k":[0.9569,0.8118,0.0941],"ix":4},"r":1,"o":{"a":0,"k":100,"ix":5}},{"ty":"tr","a":{"a":0,"k":[0,0],"ix":1},"s":{"a":0,"k":[100,100],"ix":3},"sk":{"a":0,"k":0,"ix":4},"p":{"a":0,"k":[0,0],"ix":2},"r":{"a":0,"k":0,"ix":6},"sa":{"a":0,"k":0,"ix":5},"o":{"a":0,"k":100,"ix":7}}]}],"ind":5}]}]}