{
  "v": "4.8.0",
  "meta": { "g": "LottieFiles AE 3.4.5", "a": "", "k": "", "d": "", "tc": "" },
  "fr": 60,
  "ip": 0,
  "op": 120,
  "w": 450,
  "h": 450,
  "nm": "07-like",
  "ddd": 0,
  "assets": [],
  "layers": [
    {
      "ddd": 0,
      "ind": 1,
      "ty": 3,
      "nm": "Main Stroke width - Color Ctrl",
      "parent": 4,
      "sr": 1,
      "ks": {
        "o": { "a": 0, "k": 0, "ix": 11 },
        "r": { "a": 0, "k": 0, "ix": 10 },
        "p": { "a": 0, "k": [0, 0, 0], "ix": 2 },
        "a": { "a": 0, "k": [50, 50, 0], "ix": 1 },
        "s": { "a": 0, "k": [100, 100, 100], "ix": 6 }
      },
      "ao": 0,
      "ef": [
        {
          "ty": 5,
          "nm": "Stroke width",
          "np": 3,
          "mn": "ADBE Slider Control",
          "ix": 1,
          "en": 1,
          "ef": [
            {
              "ty": 0,
              "nm": "Slider",
              "mn": "ADBE Slider Control-0001",
              "ix": 1,
              "v": { "a": 0, "k": 16, "ix": 1 }
            }
          ]
        },
        {
          "ty": 5,
          "nm": "Base Color",
          "np": 3,
          "mn": "ADBE Color Control",
          "ix": 2,
          "en": 1,
          "ef": [
            {
              "ty": 2,
              "nm": "Color",
              "mn": "ADBE Color Control-0001",
              "ix": 1,
              "v": {
                "a": 0,
                "k": [0.019607843831, 0.164705887437, 0.458823531866, 1],
                "ix": 1
              }
            }
          ]
        },
        {
          "ty": 5,
          "nm": "Highlight",
          "np": 3,
          "mn": "ADBE Color Control",
          "ix": 3,
          "en": 1,
          "ef": [
            {
              "ty": 2,
              "nm": "Color",
              "mn": "ADBE Color Control-0001",
              "ix": 1,
              "v": {
                "a": 0,
                "k": [0.992156863213, 0.796078443527, 0.313725501299, 1],
                "ix": 1
              }
            }
          ]
        }
      ],
      "ip": 0,
      "op": 120,
      "st": 0,
      "bm": 0
    },
    {
      "ddd": 0,
      "ind": 2,
      "ty": 4,
      "nm": "hand",
      "sr": 1,
      "ks": {
        "o": { "a": 0, "k": 100, "ix": 11 },
        "r": {
          "a": 1,
          "k": [
            {
              "i": { "x": [0.667], "y": [1] },
              "o": { "x": [0.333], "y": [0] },
              "t": 10,
              "s": [0]
            },
            {
              "i": { "x": [0.667], "y": [1] },
              "o": { "x": [0.333], "y": [0] },
              "t": 40,
              "s": [-6]
            },
            {
              "i": { "x": [0.667], "y": [1] },
              "o": { "x": [0.333], "y": [0] },
              "t": 65,
              "s": [6]
            },
            {
              "i": { "x": [0.667], "y": [1] },
              "o": { "x": [0.333], "y": [0] },
              "t": 85,
              "s": [-6]
            },
            { "t": 100, "s": [0] }
          ],
          "ix": 10
        },
        "p": {
          "a": 1,
          "k": [
            {
              "i": { "x": 0.667, "y": 1 },
              "o": { "x": 0.333, "y": 0 },
              "t": 10,
              "s": [256.012, 293.463, 0],
              "to": [0, 0, 0],
              "ti": [0, 0, 0]
            },
            {
              "i": { "x": 0.667, "y": 1 },
              "o": { "x": 0.333, "y": 0 },
              "t": 35,
              "s": [256.012, 278.463, 0],
              "to": [0, 0, 0],
              "ti": [0, 0, 0]
            },
            {
              "i": { "x": 0.667, "y": 1 },
              "o": { "x": 0.333, "y": 0 },
              "t": 60,
              "s": [256.012, 304.463, 0],
              "to": [0, 0, 0],
              "ti": [0, 0, 0]
            },
            {
              "i": { "x": 0.667, "y": 1 },
              "o": { "x": 0.333, "y": 0 },
              "t": 80,
              "s": [256.012, 278.463, 0],
              "to": [0, 0, 0],
              "ti": [0, 0, 0]
            },
            { "t": 100, "s": [256.012, 293.463, 0] }
          ],
          "ix": 2
        },
        "a": { "a": 0, "k": [211.347, 174.037, 0], "ix": 1 },
        "s": { "a": 0, "k": [100, 100, 100], "ix": 6 }
      },
      "ao": 0,
      "shapes": [
        {
          "ty": "gr",
          "it": [
            {
              "ind": 0,
              "ty": "sh",
              "ix": 1,
              "ks": {
                "a": 0,
                "k": {
                  "i": [
                    [0, 0],
                    [0, 0],
                    [0, -11.622],
                    [11.623, 0],
                    [0, 0],
                    [0, -11.622],
                    [11.622, 0]
                  ],
                  "o": [
                    [0, 0],
                    [11.623, 0],
                    [0, 11.622],
                    [0, 0],
                    [11.622, 0],
                    [0, 11.622],
                    [0, 0]
                  ],
                  "v": [
                    [2.999, -42.088],
                    [-4.829, -42.088],
                    [16.214, -21.044],
                    [-4.829, 0],
                    [-16.214, 0],
                    [4.83, 21.043],
                    [-16.214, 42.087]
                  ],
                  "c": false
                },
                "ix": 2
              },
              "nm": "Path 1",
              "mn": "ADBE Vector Shape - Group",
              "hd": false
            },
            {
              "ty": "st",
              "c": {
                "a": 0,
                "k": [0, 0, 0, 1],
                "ix": 3,
                "x": "var $bm_rt;\n$bm_rt = thisComp.layer('Main Stroke width - Color Ctrl').effect('Base Color')('Color');"
              },
              "o": { "a": 0, "k": 100, "ix": 4 },
              "w": {
                "a": 0,
                "k": 16,
                "ix": 5,
                "x": "var $bm_rt;\n$bm_rt = thisComp.layer('Main Stroke width - Color Ctrl').effect('Stroke width')('Slider');"
              },
              "lc": 2,
              "lj": 2,
              "bm": 0,
              "nm": "Stroke 1",
              "mn": "ADBE Vector Graphic - Stroke",
              "hd": false
            },
            {
              "ty": "tr",
              "p": { "a": 0, "k": [351.536, 265.905], "ix": 2 },
              "a": { "a": 0, "k": [0, 0], "ix": 1 },
              "s": { "a": 0, "k": [100, 100], "ix": 3 },
              "r": { "a": 0, "k": 0, "ix": 6 },
              "o": { "a": 0, "k": 100, "ix": 7 },
              "sk": { "a": 0, "k": 0, "ix": 4 },
              "sa": { "a": 0, "k": 0, "ix": 5 },
              "nm": "Transform"
            }
          ],
          "nm": "Group 1",
          "np": 2,
          "cix": 2,
          "bm": 0,
          "ix": 1,
          "mn": "ADBE Vector Group",
          "hd": false
        },
        {
          "ty": "gr",
          "it": [
            {
              "ind": 0,
              "ty": "sh",
              "ix": 1,
              "ks": {
                "a": 0,
                "k": {
                  "i": [
                    [0, 0],
                    [0, 0],
                    [0, -11.622],
                    [11.622, 0]
                  ],
                  "o": [
                    [0, 0],
                    [11.622, 0],
                    [0, 11.622],
                    [0, 0]
                  ],
                  "v": [
                    [-3.406, -21.044],
                    [-10.522, -21.044],
                    [10.522, 0.001],
                    [-10.522, 21.044]
                  ],
                  "c": false
                },
                "ix": 2
              },
              "nm": "Path 1",
              "mn": "ADBE Vector Shape - Group",
              "hd": false
            },
            {
              "ty": "st",
              "c": {
                "a": 0,
                "k": [0, 0, 0, 1],
                "ix": 3,
                "x": "var $bm_rt;\n$bm_rt = thisComp.layer('Main Stroke width - Color Ctrl').effect('Base Color')('Color');"
              },
              "o": { "a": 0, "k": 100, "ix": 4 },
              "w": {
                "a": 0,
                "k": 16,
                "ix": 5,
                "x": "var $bm_rt;\n$bm_rt = thisComp.layer('Main Stroke width - Color Ctrl').effect('Stroke width')('Slider');"
              },
              "lc": 2,
              "lj": 2,
              "bm": 0,
              "nm": "Stroke 1",
              "mn": "ADBE Vector Graphic - Stroke",
              "hd": false
            },
            {
              "ty": "tr",
              "p": { "a": 0, "k": [365.056, 202.774], "ix": 2 },
              "a": { "a": 0, "k": [0, 0], "ix": 1 },
              "s": { "a": 0, "k": [100, 100], "ix": 3 },
              "r": { "a": 0, "k": 0, "ix": 6 },
              "o": { "a": 0, "k": 100, "ix": 7 },
              "sk": { "a": 0, "k": 0, "ix": 4 },
              "sa": { "a": 0, "k": 0, "ix": 5 },
              "nm": "Transform"
            }
          ],
          "nm": "Group 2",
          "np": 2,
          "cix": 2,
          "bm": 0,
          "ix": 2,
          "mn": "ADBE Vector Group",
          "hd": false
        },
        {
          "ty": "gr",
          "it": [
            {
              "ind": 0,
              "ty": "sh",
              "ix": 1,
              "ks": {
                "a": 1,
                "k": [
                  {
                    "i": { "x": 0.667, "y": 1 },
                    "o": { "x": 0.333, "y": 0 },
                    "t": 10,
                    "s": [
                      {
                        "i": [
                          [0, 0],
                          [0, 0],
                          [0, -11.622],
                          [11.622, 0]
                        ],
                        "o": [
                          [0, 0],
                          [11.622, 0],
                          [0, 11.622],
                          [0, 0]
                        ],
                        "v": [
                          [-69.94, -21.044],
                          [48.896, -21.044],
                          [69.94, 0.001],
                          [48.896, 21.044]
                        ],
                        "c": false
                      }
                    ]
                  },
                  {
                    "i": { "x": 0.667, "y": 1 },
                    "o": { "x": 0.333, "y": 0 },
                    "t": 35,
                    "s": [
                      {
                        "i": [
                          [0, 0],
                          [0, 0],
                          [0, -11.622],
                          [11.622, 0]
                        ],
                        "o": [
                          [0, 0],
                          [11.622, 0],
                          [0, 11.622],
                          [0, 0]
                        ],
                        "v": [
                          [-49.94, -21.044],
                          [48.896, -21.044],
                          [69.94, 0.001],
                          [48.896, 21.044]
                        ],
                        "c": false
                      }
                    ]
                  },
                  {
                    "i": { "x": 0.667, "y": 1 },
                    "o": { "x": 0.333, "y": 0 },
                    "t": 80,
                    "s": [
                      {
                        "i": [
                          [0, 0],
                          [0, 0],
                          [0, -11.622],
                          [11.622, 0]
                        ],
                        "o": [
                          [0, 0],
                          [11.622, 0],
                          [0, 11.622],
                          [0, 0]
                        ],
                        "v": [
                          [-49.94, -21.044],
                          [48.896, -21.044],
                          [69.94, 0.001],
                          [48.896, 21.044]
                        ],
                        "c": false
                      }
                    ]
                  },
                  {
                    "t": 100,
                    "s": [
                      {
                        "i": [
                          [0, 0],
                          [0, 0],
                          [0, -11.622],
                          [11.622, 0]
                        ],
                        "o": [
                          [0, 0],
                          [11.622, 0],
                          [0, 11.622],
                          [0, 0]
                        ],
                        "v": [
                          [-69.94, -21.044],
                          [48.896, -21.044],
                          [69.94, 0.001],
                          [48.896, 21.044]
                        ],
                        "c": false
                      }
                    ]
                  }
                ],
                "ix": 2
              },
              "nm": "Path 1",
              "mn": "ADBE Vector Shape - Group",
              "hd": false
            },
            {
              "ty": "st",
              "c": {
                "a": 0,
                "k": [0, 0, 0, 1],
                "ix": 3,
                "x": "var $bm_rt;\n$bm_rt = thisComp.layer('Main Stroke width - Color Ctrl').effect('Base Color')('Color');"
              },
              "o": { "a": 0, "k": 100, "ix": 4 },
              "w": {
                "a": 0,
                "k": 16,
                "ix": 5,
                "x": "var $bm_rt;\n$bm_rt = thisComp.layer('Main Stroke width - Color Ctrl').effect('Stroke width')('Slider');"
              },
              "lc": 2,
              "lj": 2,
              "bm": 0,
              "nm": "Stroke 1",
              "mn": "ADBE Vector Graphic - Stroke",
              "hd": false
            },
            {
              "ty": "tr",
              "p": { "a": 0, "k": [312.753, 160.687], "ix": 2 },
              "a": { "a": 0, "k": [0, 0], "ix": 1 },
              "s": { "a": 0, "k": [100, 100], "ix": 3 },
              "r": { "a": 0, "k": 0, "ix": 6 },
              "o": { "a": 0, "k": 100, "ix": 7 },
              "sk": { "a": 0, "k": 0, "ix": 4 },
              "sa": { "a": 0, "k": 0, "ix": 5 },
              "nm": "Transform"
            }
          ],
          "nm": "Group 3",
          "np": 2,
          "cix": 2,
          "bm": 0,
          "ix": 3,
          "mn": "ADBE Vector Group",
          "hd": false
        },
        {
          "ty": "gr",
          "it": [
            {
              "ind": 0,
              "ty": "sh",
              "ix": 1,
              "ks": {
                "a": 0,
                "k": {
                  "i": [[0, 0]],
                  "o": [[0, 0]],
                  "v": [[97.872, 261.544]],
                  "c": true
                },
                "ix": 2
              },
              "nm": "Path 1",
              "mn": "ADBE Vector Shape - Group",
              "hd": false
            },
            {
              "ty": "st",
              "c": {
                "a": 0,
                "k": [0, 0, 0, 1],
                "ix": 3,
                "x": "var $bm_rt;\n$bm_rt = thisComp.layer('Main Stroke width - Color Ctrl').effect('Base Color')('Color');"
              },
              "o": { "a": 0, "k": 100, "ix": 4 },
              "w": {
                "a": 0,
                "k": 16,
                "ix": 5,
                "x": "var $bm_rt;\n$bm_rt = thisComp.layer('Main Stroke width - Color Ctrl').effect('Stroke width')('Slider');"
              },
              "lc": 2,
              "lj": 2,
              "bm": 0,
              "nm": "Stroke 1",
              "mn": "ADBE Vector Graphic - Stroke",
              "hd": false
            },
            {
              "ty": "tr",
              "p": { "a": 0, "k": [0, 0], "ix": 2 },
              "a": { "a": 0, "k": [0, 0], "ix": 1 },
              "s": { "a": 0, "k": [100, 100], "ix": 3 },
              "r": { "a": 0, "k": 0, "ix": 6 },
              "o": { "a": 0, "k": 100, "ix": 7 },
              "sk": { "a": 0, "k": 0, "ix": 4 },
              "sa": { "a": 0, "k": 0, "ix": 5 },
              "nm": "Transform"
            }
          ],
          "nm": "Group 4",
          "np": 2,
          "cix": 2,
          "bm": 0,
          "ix": 4,
          "mn": "ADBE Vector Group",
          "hd": false
        },
        {
          "ty": "gr",
          "it": [
            {
              "ind": 0,
              "ty": "sh",
              "ix": 1,
              "ks": {
                "a": 0,
                "k": {
                  "i": [
                    [0, 0],
                    [0, 0],
                    [0, 15.814],
                    [0, 0],
                    [15.815, 0],
                    [0, 0]
                  ],
                  "o": [
                    [0, 0],
                    [15.815, 0],
                    [0, 0],
                    [0, -15.815],
                    [0, 0],
                    [0, 0]
                  ],
                  "v": [
                    [-50.756, 84.92],
                    [22.121, 84.92],
                    [50.756, 56.285],
                    [50.756, -56.285],
                    [22.121, -84.92],
                    [-50.756, -84.92]
                  ],
                  "c": true
                },
                "ix": 2
              },
              "nm": "Path 1",
              "mn": "ADBE Vector Shape - Group",
              "hd": false
            },
            {
              "ty": "st",
              "c": {
                "a": 0,
                "k": [0.243137269862, 0.796078491211, 0.792156922583, 1],
                "ix": 3,
                "x": "var $bm_rt;\n$bm_rt = thisComp.layer('Main Stroke width - Color Ctrl').effect('Base Color')('Color');"
              },
              "o": { "a": 0, "k": 100, "ix": 4 },
              "w": {
                "a": 0,
                "k": 16,
                "ix": 5,
                "x": "var $bm_rt;\n$bm_rt = thisComp.layer('Main Stroke width - Color Ctrl').effect('Stroke width')('Slider');"
              },
              "lc": 2,
              "lj": 2,
              "bm": 0,
              "nm": "Stroke 1",
              "mn": "ADBE Vector Graphic - Stroke",
              "hd": false
            },
            {
              "ty": "tr",
              "p": { "a": 0, "k": [90.756, 223.072], "ix": 2 },
              "a": { "a": 0, "k": [0, 0], "ix": 1 },
              "s": { "a": 0, "k": [100, 100], "ix": 3 },
              "r": { "a": 0, "k": 0, "ix": 6 },
              "o": { "a": 0, "k": 100, "ix": 7 },
              "sk": { "a": 0, "k": 0, "ix": 4 },
              "sa": { "a": 0, "k": 0, "ix": 5 },
              "nm": "Transform"
            }
          ],
          "nm": "Group 5",
          "np": 2,
          "cix": 2,
          "bm": 0,
          "ix": 5,
          "mn": "ADBE Vector Group",
          "hd": false
        },
        {
          "ty": "gr",
          "it": [
            {
              "ind": 0,
              "ty": "sh",
              "ix": 1,
              "ks": {
                "a": 1,
                "k": [
                  {
                    "i": { "x": 0.667, "y": 1 },
                    "o": { "x": 0.333, "y": 0 },
                    "t": 10,
                    "s": [
                      {
                        "i": [
                          [0, 0],
                          [0, 0],
                          [23.48, 4.896],
                          [0, 0],
                          [14.636, -9.966],
                          [0, 0]
                        ],
                        "o": [
                          [0, 0],
                          [5.422, -23.364],
                          [0, 0],
                          [-7.581, 16.003],
                          [0, 0],
                          [0, 0]
                        ],
                        "v": [
                          [55.645, 36.901],
                          [66.729, -10.869],
                          [33.813, -62.381],
                          [8.606, -9.163],
                          [-25.324, 30.497],
                          [-72.151, 62.381]
                        ],
                        "c": false
                      }
                    ]
                  },
                  {
                    "i": { "x": 0.667, "y": 1 },
                    "o": { "x": 0.333, "y": 0 },
                    "t": 35,
                    "s": [
                      {
                        "i": [
                          [0, 0],
                          [0, 0],
                          [25.606, 10.026],
                          [0, 0],
                          [14.636, -9.966],
                          [0, 0]
                        ],
                        "o": [
                          [0, 0],
                          [37.106, -1.562],
                          [0, 0],
                          [-17.598, 1.969],
                          [0, 0],
                          [0, 0]
                        ],
                        "v": [
                          [55.645, 36.901],
                          [88.566, 36.755],
                          [115.565, -10.834],
                          [56.545, -11.783],
                          [-25.324, 30.497],
                          [-72.151, 62.381]
                        ],
                        "c": false
                      }
                    ]
                  },
                  {
                    "i": { "x": 0.667, "y": 1 },
                    "o": { "x": 0.333, "y": 0 },
                    "t": 80,
                    "s": [
                      {
                        "i": [
                          [0, 0],
                          [0, 0],
                          [25.606, 10.026],
                          [0, 0],
                          [14.636, -9.966],
                          [0, 0]
                        ],
                        "o": [
                          [0, 0],
                          [37.106, -1.562],
                          [0, 0],
                          [-17.598, 1.969],
                          [0, 0],
                          [0, 0]
                        ],
                        "v": [
                          [55.645, 36.901],
                          [88.566, 36.755],
                          [115.565, -10.834],
                          [56.545, -11.783],
                          [-25.324, 30.497],
                          [-72.151, 62.381]
                        ],
                        "c": false
                      }
                    ]
                  },
                  {
                    "t": 100,
                    "s": [
                      {
                        "i": [
                          [0, 0],
                          [0, 0],
                          [23.48, 4.896],
                          [0, 0],
                          [14.636, -9.966],
                          [0, 0]
                        ],
                        "o": [
                          [0, 0],
                          [5.422, -23.364],
                          [0, 0],
                          [-7.581, 16.003],
                          [0, 0],
                          [0, 0]
                        ],
                        "v": [
                          [55.645, 36.901],
                          [66.729, -10.869],
                          [33.813, -62.381],
                          [8.606, -9.163],
                          [-25.324, 30.497],
                          [-72.151, 62.381]
                        ],
                        "c": false
                      }
                    ]
                  }
                ],
                "ix": 2
              },
              "nm": "Path 1",
              "mn": "ADBE Vector Shape - Group",
              "hd": false
            },
            {
              "ty": "st",
              "c": {
                "a": 0,
                "k": [0, 0, 0, 1],
                "ix": 3,
                "x": "var $bm_rt;\n$bm_rt = thisComp.layer('Main Stroke width - Color Ctrl').effect('Base Color')('Color');"
              },
              "o": { "a": 0, "k": 100, "ix": 4 },
              "w": {
                "a": 0,
                "k": 16,
                "ix": 5,
                "x": "var $bm_rt;\n$bm_rt = thisComp.layer('Main Stroke width - Color Ctrl').effect('Stroke width')('Slider');"
              },
              "lc": 2,
              "lj": 2,
              "bm": 0,
              "nm": "Stroke 1",
              "mn": "ADBE Vector Graphic - Stroke",
              "hd": false
            },
            {
              "ty": "tr",
              "p": { "a": 0, "k": [213.663, 102.381], "ix": 2 },
              "a": { "a": 0, "k": [0, 0], "ix": 1 },
              "s": { "a": 0, "k": [100, 100], "ix": 3 },
              "r": { "a": 0, "k": 0, "ix": 6 },
              "o": { "a": 0, "k": 100, "ix": 7 },
              "sk": { "a": 0, "k": 0, "ix": 4 },
              "sa": { "a": 0, "k": 0, "ix": 5 },
              "nm": "Transform"
            }
          ],
          "nm": "Group 6",
          "np": 2,
          "cix": 2,
          "bm": 0,
          "ix": 6,
          "mn": "ADBE Vector Group",
          "hd": false
        },
        {
          "ty": "gr",
          "it": [
            {
              "ind": 0,
              "ty": "sh",
              "ix": 1,
              "ks": {
                "a": 0,
                "k": {
                  "i": [
                    [0, 0],
                    [0, 0],
                    [-28.584, 0],
                    [0, 0]
                  ],
                  "o": [
                    [0, 0],
                    [23.727, 15.939],
                    [0, 0],
                    [0, 0]
                  ],
                  "v": [
                    [-96.742, -21.849],
                    [-68.091, -2.602],
                    [12.156, 21.849],
                    [96.742, 21.849]
                  ],
                  "c": false
                },
                "ix": 2
              },
              "nm": "Path 1",
              "mn": "ADBE Vector Shape - Group",
              "hd": false
            },
            {
              "ty": "st",
              "c": {
                "a": 0,
                "k": [0, 0, 0, 1],
                "ix": 3,
                "x": "var $bm_rt;\n$bm_rt = thisComp.layer('Main Stroke width - Color Ctrl').effect('Base Color')('Color');"
              },
              "o": { "a": 0, "k": 100, "ix": 4 },
              "w": {
                "a": 0,
                "k": 16,
                "ix": 5,
                "x": "var $bm_rt;\n$bm_rt = thisComp.layer('Main Stroke width - Color Ctrl').effect('Stroke width')('Slider');"
              },
              "lc": 2,
              "lj": 2,
              "bm": 0,
              "nm": "Stroke 1",
              "mn": "ADBE Vector Graphic - Stroke",
              "hd": false
            },
            {
              "ty": "tr",
              "p": { "a": 0, "k": [238.253, 286.225], "ix": 2 },
              "a": { "a": 0, "k": [0, 0], "ix": 1 },
              "s": { "a": 0, "k": [100, 100], "ix": 3 },
              "r": { "a": 0, "k": 0, "ix": 6 },
              "o": { "a": 0, "k": 100, "ix": 7 },
              "sk": { "a": 0, "k": 0, "ix": 4 },
              "sa": { "a": 0, "k": 0, "ix": 5 },
              "nm": "Transform"
            }
          ],
          "nm": "Group 7",
          "np": 2,
          "cix": 2,
          "bm": 0,
          "ix": 7,
          "mn": "ADBE Vector Group",
          "hd": false
        }
      ],
      "ip": 0,
      "op": 120,
      "st": 0,
      "bm": 0
    },
    {
      "ddd": 0,
      "ind": 3,
      "ty": 4,
      "nm": "line",
      "sr": 1,
      "ks": {
        "o": { "a": 0, "k": 100, "ix": 11 },
        "r": { "a": 0, "k": 0, "ix": 10 },
        "p": { "a": 0, "k": [292.735, 107.402, 0], "ix": 2 },
        "a": { "a": 0, "k": [63.061, 30.901, 0], "ix": 1 },
        "s": { "a": 0, "k": [100, 100, 100], "ix": 6 }
      },
      "ao": 0,
      "shapes": [
        {
          "ty": "gr",
          "it": [
            {
              "ind": 0,
              "ty": "sh",
              "ix": 1,
              "ks": {
                "a": 0,
                "k": {
                  "i": [
                    [0, 0],
                    [0, 0]
                  ],
                  "o": [
                    [0, 0],
                    [0, 0]
                  ],
                  "v": [
                    [63.061, 28.808],
                    [63.061, 8]
                  ],
                  "c": false
                },
                "ix": 2
              },
              "nm": "Path 1",
              "mn": "ADBE Vector Shape - Group",
              "hd": false
            },
            {
              "ty": "st",
              "c": {
                "a": 0,
                "k": [0.243137269862, 0.796078491211, 0.792156922583, 1],
                "ix": 3,
                "x": "var $bm_rt;\n$bm_rt = thisComp.layer('Main Stroke width - Color Ctrl').effect('Highlight')('Color');"
              },
              "o": { "a": 0, "k": 100, "ix": 4 },
              "w": {
                "a": 0,
                "k": 16,
                "ix": 5,
                "x": "var $bm_rt;\n$bm_rt = thisComp.layer('Main Stroke width - Color Ctrl').effect('Stroke width')('Slider');"
              },
              "lc": 2,
              "lj": 2,
              "bm": 0,
              "nm": "Stroke 1",
              "mn": "ADBE Vector Graphic - Stroke",
              "hd": false
            },
            {
              "ty": "tr",
              "p": { "a": 0, "k": [0, 0], "ix": 2 },
              "a": { "a": 0, "k": [0, 0], "ix": 1 },
              "s": { "a": 0, "k": [100, 100], "ix": 3 },
              "r": { "a": 0, "k": 0, "ix": 6 },
              "o": { "a": 0, "k": 100, "ix": 7 },
              "sk": { "a": 0, "k": 0, "ix": 4 },
              "sa": { "a": 0, "k": 0, "ix": 5 },
              "nm": "Transform"
            }
          ],
          "nm": "Group 1",
          "np": 2,
          "cix": 2,
          "bm": 0,
          "ix": 1,
          "mn": "ADBE Vector Group",
          "hd": false
        },
        {
          "ty": "gr",
          "it": [
            {
              "ind": 0,
              "ty": "sh",
              "ix": 1,
              "ks": {
                "a": 0,
                "k": {
                  "i": [
                    [0, 0],
                    [0, 0]
                  ],
                  "o": [
                    [0, 0],
                    [0, 0]
                  ],
                  "v": [
                    [-7.357, 7.357],
                    [7.357, -7.357]
                  ],
                  "c": false
                },
                "ix": 2
              },
              "nm": "Path 1",
              "mn": "ADBE Vector Shape - Group",
              "hd": false
            },
            {
              "ty": "st",
              "c": {
                "a": 0,
                "k": [0.243137269862, 0.796078491211, 0.792156922583, 1],
                "ix": 3,
                "x": "var $bm_rt;\n$bm_rt = thisComp.layer('Main Stroke width - Color Ctrl').effect('Highlight')('Color');"
              },
              "o": { "a": 0, "k": 100, "ix": 4 },
              "w": {
                "a": 0,
                "k": 16,
                "ix": 5,
                "x": "var $bm_rt;\n$bm_rt = thisComp.layer('Main Stroke width - Color Ctrl').effect('Stroke width')('Slider');"
              },
              "lc": 2,
              "lj": 2,
              "bm": 0,
              "nm": "Stroke 1",
              "mn": "ADBE Vector Graphic - Stroke",
              "hd": false
            },
            {
              "ty": "tr",
              "p": { "a": 0, "k": [110.766, 46.446], "ix": 2 },
              "a": { "a": 0, "k": [0, 0], "ix": 1 },
              "s": { "a": 0, "k": [100, 100], "ix": 3 },
              "r": { "a": 0, "k": 0, "ix": 6 },
              "o": { "a": 0, "k": 100, "ix": 7 },
              "sk": { "a": 0, "k": 0, "ix": 4 },
              "sa": { "a": 0, "k": 0, "ix": 5 },
              "nm": "Transform"
            }
          ],
          "nm": "Group 2",
          "np": 2,
          "cix": 2,
          "bm": 0,
          "ix": 2,
          "mn": "ADBE Vector Group",
          "hd": false
        },
        {
          "ty": "gr",
          "it": [
            {
              "ind": 0,
              "ty": "sh",
              "ix": 1,
              "ks": {
                "a": 0,
                "k": {
                  "i": [
                    [0, 0],
                    [0, 0]
                  ],
                  "o": [
                    [0, 0],
                    [0, 0]
                  ],
                  "v": [
                    [7.357, 7.357],
                    [-7.357, -7.357]
                  ],
                  "c": false
                },
                "ix": 2
              },
              "nm": "Path 1",
              "mn": "ADBE Vector Shape - Group",
              "hd": false
            },
            {
              "ty": "st",
              "c": {
                "a": 0,
                "k": [0.243137269862, 0.796078491211, 0.792156922583, 1],
                "ix": 3,
                "x": "var $bm_rt;\n$bm_rt = thisComp.layer('Main Stroke width - Color Ctrl').effect('Highlight')('Color');"
              },
              "o": { "a": 0, "k": 100, "ix": 4 },
              "w": {
                "a": 0,
                "k": 16,
                "ix": 5,
                "x": "var $bm_rt;\n$bm_rt = thisComp.layer('Main Stroke width - Color Ctrl').effect('Stroke width')('Slider');"
              },
              "lc": 2,
              "lj": 2,
              "bm": 0,
              "nm": "Stroke 1",
              "mn": "ADBE Vector Graphic - Stroke",
              "hd": false
            },
            {
              "ty": "tr",
              "p": { "a": 0, "k": [15.357, 46.446], "ix": 2 },
              "a": { "a": 0, "k": [0, 0], "ix": 1 },
              "s": { "a": 0, "k": [100, 100], "ix": 3 },
              "r": { "a": 0, "k": 0, "ix": 6 },
              "o": { "a": 0, "k": 100, "ix": 7 },
              "sk": { "a": 0, "k": 0, "ix": 4 },
              "sa": { "a": 0, "k": 0, "ix": 5 },
              "nm": "Transform"
            }
          ],
          "nm": "Group 3",
          "np": 2,
          "cix": 2,
          "bm": 0,
          "ix": 3,
          "mn": "ADBE Vector Group",
          "hd": false
        },
        {
          "ty": "tm",
          "s": { "a": 0, "k": 0, "ix": 1 },
          "e": {
            "a": 1,
            "k": [
              {
                "i": { "x": [0.667], "y": [1] },
                "o": { "x": [0.333], "y": [0] },
                "t": 10,
                "s": [100]
              },
              {
                "i": { "x": [0.667], "y": [1] },
                "o": { "x": [0.333], "y": [0] },
                "t": 35,
                "s": [0]
              },
              {
                "i": { "x": [0.667], "y": [1] },
                "o": { "x": [0.333], "y": [0] },
                "t": 90,
                "s": [0]
              },
              { "t": 100, "s": [98] }
            ],
            "ix": 2
          },
          "o": { "a": 0, "k": 0, "ix": 3 },
          "m": 1,
          "ix": 4,
          "nm": "Trim Paths 1",
          "mn": "ADBE Vector Filter - Trim",
          "hd": false
        }
      ],
      "ip": 0,
      "op": 120,
      "st": 0,
      "bm": 0
    },
    {
      "ddd": 0,
      "ind": 4,
      "ty": 3,
      "nm": "Zero | troke width - Color Ctrl",
      "sr": 1,
      "ks": {
        "o": { "a": 0, "k": 0, "ix": 11 },
        "r": { "a": 0, "k": 0, "ix": 10 },
        "p": { "a": 0, "k": [250, 250, 0], "ix": 2 },
        "a": { "a": 0, "k": [0, 0, 0], "ix": 1 },
        "s": { "a": 0, "k": [100, 100, 100], "ix": 6 }
      },
      "ao": 0,
      "ip": 0,
      "op": 120,
      "st": 0,
      "bm": 0
    },
    {
      "ddd": 0,
      "ind": 5,
      "ty": 4,
      "nm": "color",
      "parent": 2,
      "sr": 1,
      "ks": {
        "o": { "a": 0, "k": 100, "ix": 11 },
        "r": { "a": 0, "k": 0, "ix": 10 },
        "p": { "a": 0, "k": [211.343, 174.037, 0], "ix": 2 },
        "a": { "a": 0, "k": [171.601, 134.287, 0], "ix": 1 },
        "s": { "a": 0, "k": [100, 100, 100], "ix": 6 }
      },
      "ao": 0,
      "shapes": [
        {
          "ty": "gr",
          "it": [
            {
              "ind": 0,
              "ty": "sh",
              "ix": 1,
              "ks": {
                "a": 1,
                "k": [
                  {
                    "i": { "x": 0.667, "y": 1 },
                    "o": { "x": 0.333, "y": 0 },
                    "t": 10,
                    "s": [
                      {
                        "i": [
                          [0, 0],
                          [0, 11.622],
                          [1.809, 3.102],
                          [37.792, 0],
                          [33.606, 14.093],
                          [2.447, 0.485],
                          [0, 0],
                          [0, 0],
                          [-28.583, 0],
                          [0, 0],
                          [0, 11.622],
                          [6.895, 3.455],
                          [0, 0]
                        ],
                        "o": [
                          [11.622, 0],
                          [0, -3.851],
                          [-32.952, 13.457],
                          [-38.723, 0],
                          [-2.457, -0.455],
                          [0, 0],
                          [0, 0],
                          [23.727, 15.939],
                          [0, 0],
                          [11.622, 0],
                          [0, -8.238],
                          [0, 0],
                          [0, 0]
                        ],
                        "v": [
                          [92.076, -4.08],
                          [113.119, -25.124],
                          [110.269, -35.68],
                          [3.468, -14.798],
                          [-105.763, -36.68],
                          [-113.119, -38.088],
                          [-113.119, -5.61],
                          [-84.468, 13.637],
                          [-4.221, 38.088],
                          [80.691, 38.007],
                          [101.734, 16.964],
                          [90.101, -1.854],
                          [90.644, -4.08]
                        ],
                        "c": true
                      }
                    ]
                  },
                  {
                    "t": 100,
                    "s": [
                      {
                        "i": [
                          [0, 0],
                          [0, 11.622],
                          [1.809, 3.102],
                          [37.792, 0],
                          [33.606, 14.093],
                          [2.447, 0.485],
                          [0, 0],
                          [0, 0],
                          [-28.583, 0],
                          [0, 0],
                          [0, 11.622],
                          [6.895, 3.455],
                          [0, 0]
                        ],
                        "o": [
                          [11.622, 0],
                          [0, -3.851],
                          [-32.952, 13.457],
                          [-38.723, 0],
                          [-2.457, -0.455],
                          [0, 0],
                          [0, 0],
                          [23.727, 15.939],
                          [0, 0],
                          [11.622, 0],
                          [0, -8.238],
                          [0, 0],
                          [0, 0]
                        ],
                        "v": [
                          [92.076, -4.08],
                          [113.119, -25.124],
                          [110.269, -35.68],
                          [3.468, -14.798],
                          [-105.763, -36.68],
                          [-113.119, -38.088],
                          [-113.119, -5.61],
                          [-84.468, 13.637],
                          [-4.221, 38.088],
                          [80.691, 38.007],
                          [101.734, 16.964],
                          [90.101, -1.854],
                          [90.644, -4.08]
                        ],
                        "c": true
                      }
                    ]
                  }
                ],
                "ix": 2
              },
              "nm": "Path 1",
              "mn": "ADBE Vector Shape - Group",
              "hd": false
            },
            {
              "ty": "fl",
              "c": {
                "a": 0,
                "k": [0.984313785329, 0.494117676978, 0.63137254902, 1],
                "ix": 4
              },
              "o": { "a": 0, "k": 100, "ix": 5 },
              "r": 1,
              "bm": 0,
              "nm": "Fill 1",
              "mn": "ADBE Vector Graphic - Fill",
              "hd": false
            },
            {
              "ty": "tr",
              "p": { "a": 0, "k": [214.89, 230.235], "ix": 2 },
              "a": { "a": 0, "k": [0, 0], "ix": 1 },
              "s": { "a": 0, "k": [100, 100], "ix": 3 },
              "r": { "a": 0, "k": 0, "ix": 6 },
              "o": { "a": 0, "k": 100, "ix": 7 },
              "sk": { "a": 0, "k": 0, "ix": 4 },
              "sa": { "a": 0, "k": 0, "ix": 5 },
              "nm": "Transform"
            }
          ],
          "nm": "Group 1",
          "np": 2,
          "cix": 2,
          "bm": 0,
          "ix": 1,
          "mn": "ADBE Vector Group",
          "hd": false
        },
        {
          "ty": "gr",
          "it": [
            {
              "ind": 0,
              "ty": "sh",
              "ix": 1,
              "ks": {
                "a": 1,
                "k": [
                  {
                    "i": { "x": 0.667, "y": 1 },
                    "o": { "x": 0.333, "y": 0 },
                    "t": 10,
                    "s": [
                      {
                        "i": [
                          [11.622, 0],
                          [0, 0],
                          [0, 0],
                          [23.48, 4.896],
                          [0, 0],
                          [14.637, -9.966],
                          [0, 0],
                          [0, 0],
                          [0, 0],
                          [-28.584, 0],
                          [0, 0],
                          [0, 11.622],
                          [6.895, 3.455],
                          [0, 0],
                          [0, 0],
                          [0, 11.623],
                          [7.438, 3.244],
                          [0, 0],
                          [0, 11.285],
                          [8.188, 2.881],
                          [0, 0],
                          [0, 11.622]
                        ],
                        "o": [
                          [0, 0],
                          [0, 0],
                          [5.421, -23.364],
                          [0, 0],
                          [-7.58, 16.003],
                          [0, 0],
                          [0, 0],
                          [0, 0],
                          [23.727, 15.939],
                          [0, 0],
                          [11.622, 0],
                          [0, -8.238],
                          [0, 0],
                          [0, 0],
                          [11.622, 0],
                          [0, -8.633],
                          [0, 0],
                          [11.155, -0.525],
                          [0, -9.173],
                          [0, 0],
                          [11.622, 0],
                          [0, -11.622]
                        ],
                        "v": [
                          [99.547, -34.394],
                          [7.205, -34.755],
                          [18.29, -82.525],
                          [-14.626, -134.037],
                          [-39.835, -80.819],
                          [-73.765, -41.159],
                          [-120.591, -9.275],
                          [-120.591, 90.339],
                          [-91.94, 109.585],
                          [-11.693, 134.037],
                          [73.218, 133.956],
                          [94.262, 112.912],
                          [82.629, 94.094],
                          [83.171, 91.868],
                          [84.604, 91.868],
                          [105.647, 70.824],
                          [93.001, 51.544],
                          [93.437, 49.755],
                          [113.475, 28.737],
                          [99.414, 8.888],
                          [99.547, 7.693],
                          [120.591, -13.35]
                        ],
                        "c": true
                      }
                    ]
                  },
                  {
                    "i": { "x": 0.667, "y": 1 },
                    "o": { "x": 0.333, "y": 0 },
                    "t": 35,
                    "s": [
                      {
                        "i": [
                          [11.622, 0],
                          [0, 0],
                          [0, 0],
                          [11.505, 22.597],
                          [0, 0],
                          [14.637, -9.966],
                          [0, 0],
                          [0, 0],
                          [0, 0],
                          [-28.584, 0],
                          [0, 0],
                          [0, 11.622],
                          [6.895, 3.455],
                          [0, 0],
                          [0, 0],
                          [0, 11.623],
                          [7.438, 3.244],
                          [0, 0],
                          [0, 11.285],
                          [8.188, 2.881],
                          [0, 0],
                          [0, 11.622]
                        ],
                        "o": [
                          [0, 0],
                          [0, 0],
                          [23.299, -5.694],
                          [0, 0],
                          [-17.702, 0.449],
                          [0, 0],
                          [0, 0],
                          [0, 0],
                          [23.727, 15.939],
                          [0, 0],
                          [11.622, 0],
                          [0, -8.238],
                          [0, 0],
                          [0, 0],
                          [11.622, 0],
                          [0, -8.633],
                          [0, 0],
                          [11.155, -0.525],
                          [0, -9.173],
                          [0, 0],
                          [11.622, 0],
                          [0, -11.622]
                        ],
                        "v": [
                          [99.547, -34.394],
                          [7.205, -34.755],
                          [52.53, -34.632],
                          [72.11, -84.593],
                          [15.129, -84.426],
                          [-73.765, -41.159],
                          [-120.591, -9.275],
                          [-120.591, 90.339],
                          [-91.94, 109.585],
                          [-11.693, 134.037],
                          [73.218, 133.956],
                          [94.262, 112.912],
                          [82.629, 94.094],
                          [83.171, 91.868],
                          [84.604, 91.868],
                          [105.647, 70.824],
                          [93.001, 51.544],
                          [93.437, 49.755],
                          [113.475, 28.737],
                          [99.414, 8.888],
                          [99.547, 7.693],
                          [120.591, -13.35]
                        ],
                        "c": true
                      }
                    ]
                  },
                  {
                    "i": { "x": 0.667, "y": 1 },
                    "o": { "x": 0.333, "y": 0 },
                    "t": 80,
                    "s": [
                      {
                        "i": [
                          [11.622, 0],
                          [0, 0],
                          [0, 0],
                          [11.505, 22.597],
                          [0, 0],
                          [14.637, -9.966],
                          [0, 0],
                          [0, 0],
                          [0, 0],
                          [-28.584, 0],
                          [0, 0],
                          [0, 11.622],
                          [6.895, 3.455],
                          [0, 0],
                          [0, 0],
                          [0, 11.623],
                          [7.438, 3.244],
                          [0, 0],
                          [0, 11.285],
                          [8.188, 2.881],
                          [0, 0],
                          [0, 11.622]
                        ],
                        "o": [
                          [0, 0],
                          [0, 0],
                          [23.299, -5.694],
                          [0, 0],
                          [-17.702, 0.449],
                          [0, 0],
                          [0, 0],
                          [0, 0],
                          [23.727, 15.939],
                          [0, 0],
                          [11.622, 0],
                          [0, -8.238],
                          [0, 0],
                          [0, 0],
                          [11.622, 0],
                          [0, -8.633],
                          [0, 0],
                          [11.155, -0.525],
                          [0, -9.173],
                          [0, 0],
                          [11.622, 0],
                          [0, -11.622]
                        ],
                        "v": [
                          [99.547, -34.394],
                          [7.205, -34.755],
                          [52.53, -34.632],
                          [72.11, -84.593],
                          [15.129, -84.426],
                          [-73.765, -41.159],
                          [-120.591, -9.275],
                          [-120.591, 90.339],
                          [-91.94, 109.585],
                          [-11.693, 134.037],
                          [73.218, 133.956],
                          [94.262, 112.912],
                          [82.629, 94.094],
                          [83.171, 91.868],
                          [84.604, 91.868],
                          [105.647, 70.824],
                          [93.001, 51.544],
                          [93.437, 49.755],
                          [113.475, 28.737],
                          [99.414, 8.888],
                          [99.547, 7.693],
                          [120.591, -13.35]
                        ],
                        "c": true
                      }
                    ]
                  },
                  {
                    "t": 100,
                    "s": [
                      {
                        "i": [
                          [11.622, 0],
                          [0, 0],
                          [0, 0],
                          [23.48, 4.896],
                          [0, 0],
                          [14.637, -9.966],
                          [0, 0],
                          [0, 0],
                          [0, 0],
                          [-28.584, 0],
                          [0, 0],
                          [0, 11.622],
                          [6.895, 3.455],
                          [0, 0],
                          [0, 0],
                          [0, 11.623],
                          [7.438, 3.244],
                          [0, 0],
                          [0, 11.285],
                          [8.188, 2.881],
                          [0, 0],
                          [0, 11.622]
                        ],
                        "o": [
                          [0, 0],
                          [0, 0],
                          [5.421, -23.364],
                          [0, 0],
                          [-7.58, 16.003],
                          [0, 0],
                          [0, 0],
                          [0, 0],
                          [23.727, 15.939],
                          [0, 0],
                          [11.622, 0],
                          [0, -8.238],
                          [0, 0],
                          [0, 0],
                          [11.622, 0],
                          [0, -8.633],
                          [0, 0],
                          [11.155, -0.525],
                          [0, -9.173],
                          [0, 0],
                          [11.622, 0],
                          [0, -11.622]
                        ],
                        "v": [
                          [99.547, -34.394],
                          [7.205, -34.755],
                          [18.29, -82.525],
                          [-14.626, -134.037],
                          [-39.835, -80.819],
                          [-73.765, -41.159],
                          [-120.591, -9.275],
                          [-120.591, 90.339],
                          [-91.94, 109.585],
                          [-11.693, 134.037],
                          [73.218, 133.956],
                          [94.262, 112.912],
                          [82.629, 94.094],
                          [83.171, 91.868],
                          [84.604, 91.868],
                          [105.647, 70.824],
                          [93.001, 51.544],
                          [93.437, 49.755],
                          [113.475, 28.737],
                          [99.414, 8.888],
                          [99.547, 7.693],
                          [120.591, -13.35]
                        ],
                        "c": true
                      }
                    ]
                  }
                ],
                "ix": 2
              },
              "nm": "Path 1",
              "mn": "ADBE Vector Shape - Group",
              "hd": false
            },
            {
              "ty": "fl",
              "c": {
                "a": 0,
                "k": [0.988235353956, 0.745098039216, 0.729411764706, 1],
                "ix": 4
              },
              "o": { "a": 0, "k": 100, "ix": 5 },
              "r": 1,
              "bm": 0,
              "nm": "Fill 1",
              "mn": "ADBE Vector Graphic - Fill",
              "hd": false
            },
            {
              "ty": "tr",
              "p": { "a": 0, "k": [222.361, 134.287], "ix": 2 },
              "a": { "a": 0, "k": [0, 0], "ix": 1 },
              "s": { "a": 0, "k": [100, 100], "ix": 3 },
              "r": { "a": 0, "k": 0, "ix": 6 },
              "o": { "a": 0, "k": 100, "ix": 7 },
              "sk": { "a": 0, "k": 0, "ix": 4 },
              "sa": { "a": 0, "k": 0, "ix": 5 },
              "nm": "Transform"
            }
          ],
          "nm": "Group 2",
          "np": 2,
          "cix": 2,
          "bm": 0,
          "ix": 2,
          "mn": "ADBE Vector Group",
          "hd": false
        },
        {
          "ty": "gr",
          "it": [
            {
              "ind": 0,
              "ty": "sh",
              "ix": 1,
              "ks": {
                "a": 1,
                "k": [
                  {
                    "i": { "x": 0.667, "y": 1 },
                    "o": { "x": 0.333, "y": 0 },
                    "t": 10,
                    "s": [
                      {
                        "i": [
                          [-2.167, -0.754],
                          [0, 0],
                          [0, 0]
                        ],
                        "o": [
                          [0, 0],
                          [0, 0],
                          [2.424, 0]
                        ],
                        "v": [
                          [3.36, 0.585],
                          [3.558, -0.584],
                          [-3.558, -0.584]
                        ],
                        "c": true
                      }
                    ]
                  },
                  {
                    "t": 100,
                    "s": [
                      {
                        "i": [
                          [-2.167, -0.754],
                          [0, 0],
                          [0, 0]
                        ],
                        "o": [
                          [0, 0],
                          [0, 0],
                          [2.424, 0]
                        ],
                        "v": [
                          [3.36, 0.585],
                          [3.558, -0.584],
                          [-3.558, -0.584]
                        ],
                        "c": true
                      }
                    ]
                  }
                ],
                "ix": 2
              },
              "nm": "Path 1",
              "mn": "ADBE Vector Shape - Group",
              "hd": false
            },
            {
              "ty": "fl",
              "c": {
                "a": 0,
                "k": [0.984313785329, 0.87450986376, 0.749019607843, 1],
                "ix": 4
              },
              "o": { "a": 0, "k": 100, "ix": 5 },
              "r": 1,
              "bm": 0,
              "nm": "Fill 1",
              "mn": "ADBE Vector Graphic - Fill",
              "hd": false
            },
            {
              "ty": "tr",
              "p": { "a": 0, "k": [318.351, 142.565], "ix": 2 },
              "a": { "a": 0, "k": [0, 0], "ix": 1 },
              "s": { "a": 0, "k": [100, 100], "ix": 3 },
              "r": { "a": 0, "k": 0, "ix": 6 },
              "o": { "a": 0, "k": 100, "ix": 7 },
              "sk": { "a": 0, "k": 0, "ix": 4 },
              "sa": { "a": 0, "k": 0, "ix": 5 },
              "nm": "Transform"
            }
          ],
          "nm": "Group 3",
          "np": 2,
          "cix": 2,
          "bm": 0,
          "ix": 3,
          "mn": "ADBE Vector Group",
          "hd": false
        },
        {
          "ty": "gr",
          "it": [
            {
              "ind": 0,
              "ty": "sh",
              "ix": 1,
              "ks": {
                "a": 1,
                "k": [
                  {
                    "i": { "x": 0.667, "y": 1 },
                    "o": { "x": 0.333, "y": 0 },
                    "t": 10,
                    "s": [
                      {
                        "i": [
                          [17.677, 0],
                          [16.154, 2.869],
                          [0, 0],
                          [0, 0],
                          [0, 11.07],
                          [0, 0]
                        ],
                        "o": [
                          [-16.978, 0],
                          [0, 0],
                          [0, 0],
                          [11.071, 0],
                          [0, 0],
                          [-16.778, 3.104]
                        ],
                        "v": [
                          [-0.996, -30.704],
                          [-50.756, -35.07],
                          [-50.756, 35.436],
                          [30.711, 35.436],
                          [50.756, 15.39],
                          [50.756, -35.436]
                        ],
                        "c": true
                      }
                    ]
                  },
                  {
                    "t": 100,
                    "s": [
                      {
                        "i": [
                          [17.677, 0],
                          [16.154, 2.869],
                          [0, 0],
                          [0, 0],
                          [0, 11.07],
                          [0, 0]
                        ],
                        "o": [
                          [-16.978, 0],
                          [0, 0],
                          [0, 0],
                          [11.071, 0],
                          [0, 0],
                          [-16.778, 3.104]
                        ],
                        "v": [
                          [-0.996, -30.704],
                          [-50.756, -35.07],
                          [-50.756, 35.436],
                          [30.711, 35.436],
                          [50.756, 15.39],
                          [50.756, -35.436]
                        ],
                        "c": true
                      }
                    ]
                  }
                ],
                "ix": 2
              },
              "nm": "Path 1",
              "mn": "ADBE Vector Shape - Group",
              "hd": false
            },
            {
              "ty": "fl",
              "c": {
                "a": 0,
                "k": [0.576470588235, 0.698039215686, 0.945098099054, 1],
                "ix": 4
              },
              "o": { "a": 0, "k": 100, "ix": 5 },
              "r": 1,
              "bm": 0,
              "nm": "Fill 1",
              "mn": "ADBE Vector Graphic - Fill",
              "hd": false
            },
            {
              "ty": "tr",
              "p": { "a": 0, "k": [51.006, 230.731], "ix": 2 },
              "a": { "a": 0, "k": [0, 0], "ix": 1 },
              "s": { "a": 0, "k": [100, 100], "ix": 3 },
              "r": { "a": 0, "k": 0, "ix": 6 },
              "o": { "a": 0, "k": 100, "ix": 7 },
              "sk": { "a": 0, "k": 0, "ix": 4 },
              "sa": { "a": 0, "k": 0, "ix": 5 },
              "nm": "Transform"
            }
          ],
          "nm": "Group 4",
          "np": 2,
          "cix": 2,
          "bm": 0,
          "ix": 4,
          "mn": "ADBE Vector Group",
          "hd": false
        },
        {
          "ty": "gr",
          "it": [
            {
              "ind": 0,
              "ty": "sh",
              "ix": 1,
              "ks": {
                "a": 1,
                "k": [
                  {
                    "i": { "x": 0.667, "y": 1 },
                    "o": { "x": 0.333, "y": 0 },
                    "t": 10,
                    "s": [
                      {
                        "i": [
                          [0, 0],
                          [0, 0],
                          [0, 15.814],
                          [0, 0],
                          [15.814, 0],
                          [0, 0]
                        ],
                        "o": [
                          [0, 0],
                          [15.814, 0],
                          [0, 0],
                          [0, -15.815],
                          [0, 0],
                          [0, 0]
                        ],
                        "v": [
                          [-50.756, 84.92],
                          [22.121, 84.92],
                          [50.756, 56.285],
                          [50.756, -56.285],
                          [22.121, -84.92],
                          [-50.756, -84.92]
                        ],
                        "c": true
                      }
                    ]
                  },
                  {
                    "t": 100,
                    "s": [
                      {
                        "i": [
                          [0, 0],
                          [0, 0],
                          [0, 15.814],
                          [0, 0],
                          [15.814, 0],
                          [0, 0]
                        ],
                        "o": [
                          [0, 0],
                          [15.814, 0],
                          [0, 0],
                          [0, -15.815],
                          [0, 0],
                          [0, 0]
                        ],
                        "v": [
                          [-50.756, 84.92],
                          [22.121, 84.92],
                          [50.756, 56.285],
                          [50.756, -56.285],
                          [22.121, -84.92],
                          [-50.756, -84.92]
                        ],
                        "c": true
                      }
                    ]
                  }
                ],
                "ix": 2
              },
              "nm": "Path 1",
              "mn": "ADBE Vector Shape - Group",
              "hd": false
            },
            {
              "ty": "fl",
              "c": {
                "a": 0,
                "k": [0.819607902976, 0.862745157878, 0.984313785329, 1],
                "ix": 4
              },
              "o": { "a": 0, "k": 100, "ix": 5 },
              "r": 1,
              "bm": 0,
              "nm": "Fill 1",
              "mn": "ADBE Vector Graphic - Fill",
              "hd": false
            },
            {
              "ty": "tr",
              "p": { "a": 0, "k": [51.014, 183.322], "ix": 2 },
              "a": { "a": 0, "k": [0, 0], "ix": 1 },
              "s": { "a": 0, "k": [100, 100], "ix": 3 },
              "r": { "a": 0, "k": 0, "ix": 6 },
              "o": { "a": 0, "k": 100, "ix": 7 },
              "sk": { "a": 0, "k": 0, "ix": 4 },
              "sa": { "a": 0, "k": 0, "ix": 5 },
              "nm": "Transform"
            }
          ],
          "nm": "Group 5",
          "np": 2,
          "cix": 2,
          "bm": 0,
          "ix": 5,
          "mn": "ADBE Vector Group",
          "hd": false
        }
      ],
      "ip": 0,
      "op": 120,
      "st": 0,
      "bm": 0
    }
  ],
  "markers": []
}
