{"v":"4.8.0","meta":{"g":"LottieFiles AE ","a":"","k":"","d":"","tc":""},"fr":25,"ip":0,"op":75,"w":500,"h":500,"nm":"Icon-33 Like","ddd":0,"assets":[{"id":"comp_0","layers":[{"ddd":0,"ind":1,"ty":0,"nm":"Highlights","refId":"comp_1","sr":1,"ks":{"o":{"a":0,"k":100,"ix":11},"r":{"a":0,"k":-124.51,"ix":10},"p":{"a":0,"k":[286.534,374.223,0],"ix":2},"a":{"a":0,"k":[310,310,0],"ix":1},"s":{"a":0,"k":[100,100,100],"ix":6}},"ao":0,"w":620,"h":620,"ip":0,"op":75,"st":0,"bm":0},{"ddd":0,"ind":2,"ty":0,"nm":"Highlights 2","refId":"comp_1","sr":1,"ks":{"o":{"a":0,"k":100,"ix":11},"r":{"a":0,"k":0,"ix":10},"p":{"a":0,"k":[310,310,0],"ix":2},"a":{"a":0,"k":[310,310,0],"ix":1},"s":{"a":0,"k":[100,100,100],"ix":6}},"ao":0,"w":620,"h":620,"ip":0,"op":75,"st":0,"bm":0}]},{"id":"comp_1","layers":[{"ddd":0,"ind":1,"ty":4,"nm":"long_r 3","sr":1,"ks":{"o":{"a":0,"k":100,"ix":11},"r":{"a":0,"k":-34.074,"ix":10},"p":{"a":0,"k":[134.271,100.711,0],"ix":2},"a":{"a":0,"k":[0,0,0],"ix":1},"s":{"a":0,"k":[100,100,100],"ix":6}},"ao":0,"shapes":[{"ty":"gr","it":[{"ind":0,"ty":"sh","ix":1,"ks":{"a":0,"k":{"i":[[0,0],[-1.681,3.37],[1.942,6.166],[4.498,5.42],[-0.389,6.132],[-4.736,5.907],[0,0]],"o":[[2.512,-3.133],[2.604,-6.031],[-2.513,-7.979],[-3.885,-4.681],[0.477,-7.515],[0,0],[7.675,-8.128]],"v":[[-0.064,133.818],[6.229,124.044],[7.61,104.024],[-3.318,89.43],[-8.879,71.539],[-0.064,51.474],[-0.066,51.474]],"c":false},"ix":2},"nm":"Path 1","mn":"ADBE Vector Shape - Group","hd":false},{"ty":"st","c":{"a":0,"k":[0.20000000298,0.800000011921,0.800000011921,1],"ix":3},"o":{"a":0,"k":100,"ix":4},"w":{"a":0,"k":21,"ix":5,"x":"var $bm_rt;\n$bm_rt = $bm_div(comp('Icon-33 Like').layer('Stroke width - Color Ctrl').effect('Stroke width')('Slider'), 0.8);"},"lc":2,"lj":2,"bm":0,"nm":"Stroke 1","mn":"ADBE Vector Graphic - Stroke","hd":false},{"ty":"tr","p":{"a":0,"k":[0,0],"ix":2},"a":{"a":0,"k":[0,0],"ix":1},"s":{"a":0,"k":[100,100],"ix":3},"r":{"a":0,"k":0,"ix":6},"o":{"a":0,"k":100,"ix":7},"sk":{"a":0,"k":0,"ix":4},"sa":{"a":0,"k":0,"ix":5},"nm":"Transform"}],"nm":"Group 1","np":2,"cix":2,"bm":0,"ix":1,"mn":"ADBE Vector Group","hd":false},{"ty":"tm","s":{"a":1,"k":[{"i":{"x":[0.74],"y":[1]},"o":{"x":[0.26],"y":[0]},"t":39.667,"s":[0]},{"t":49,"s":[100]}],"ix":1},"e":{"a":1,"k":[{"i":{"x":[0.74],"y":[1]},"o":{"x":[0.26],"y":[0]},"t":33,"s":[0]},{"t":41.888671875,"s":[100]}],"ix":2},"o":{"a":0,"k":0,"ix":3},"m":1,"ix":2,"nm":"Trim Paths 1","mn":"ADBE Vector Filter - Trim","hd":false}],"ip":33,"op":108,"st":33,"bm":0},{"ddd":0,"ind":2,"ty":4,"nm":"long_r 2","sr":1,"ks":{"o":{"a":0,"k":100,"ix":11},"r":{"a":0,"k":49.292,"ix":10},"p":{"a":0,"k":[521.179,114.296,0],"ix":2},"a":{"a":0,"k":[0,0,0],"ix":1},"s":{"a":0,"k":[100,100,100],"ix":6}},"ao":0,"shapes":[{"ty":"gr","it":[{"ind":0,"ty":"sh","ix":1,"ks":{"a":0,"k":{"i":[[0,0],[-1.681,3.37],[1.942,6.166],[4.498,5.42],[-0.389,6.132],[-4.736,5.907],[0,0]],"o":[[2.512,-3.133],[2.604,-6.031],[-2.513,-7.979],[-3.885,-4.681],[0.477,-7.515],[0,0],[7.675,-8.128]],"v":[[-0.064,133.818],[6.229,124.044],[7.61,104.024],[-3.318,89.43],[-8.879,71.539],[-0.064,51.474],[-0.066,51.474]],"c":false},"ix":2},"nm":"Path 1","mn":"ADBE Vector Shape - Group","hd":false},{"ty":"st","c":{"a":0,"k":[0.20000000298,0.800000011921,0.800000011921,1],"ix":3},"o":{"a":0,"k":100,"ix":4},"w":{"a":0,"k":21,"ix":5,"x":"var $bm_rt;\n$bm_rt = $bm_div(comp('Icon-33 Like').layer('Stroke width - Color Ctrl').effect('Stroke width')('Slider'), 0.8);"},"lc":2,"lj":2,"bm":0,"nm":"Stroke 1","mn":"ADBE Vector Graphic - Stroke","hd":false},{"ty":"tr","p":{"a":0,"k":[0,0],"ix":2},"a":{"a":0,"k":[0,0],"ix":1},"s":{"a":0,"k":[100,100],"ix":3},"r":{"a":0,"k":0,"ix":6},"o":{"a":0,"k":100,"ix":7},"sk":{"a":0,"k":0,"ix":4},"sa":{"a":0,"k":0,"ix":5},"nm":"Transform"}],"nm":"Group 1","np":2,"cix":2,"bm":0,"ix":1,"mn":"ADBE Vector Group","hd":false},{"ty":"tm","s":{"a":1,"k":[{"i":{"x":[0.74],"y":[1]},"o":{"x":[0.26],"y":[0]},"t":39,"s":[0]},{"t":48.3330078125,"s":[100]}],"ix":1},"e":{"a":1,"k":[{"i":{"x":[0.74],"y":[1]},"o":{"x":[0.26],"y":[0]},"t":32.333,"s":[0]},{"t":41.2216796875,"s":[100]}],"ix":2},"o":{"a":0,"k":0,"ix":3},"m":1,"ix":2,"nm":"Trim Paths 1","mn":"ADBE Vector Filter - Trim","hd":false}],"ip":26,"op":101,"st":26,"bm":0},{"ddd":0,"ind":3,"ty":4,"nm":"Stripe","sr":1,"ks":{"o":{"a":0,"k":100,"ix":11},"r":{"a":0,"k":-49.964,"ix":10},"p":{"a":0,"k":[552.837,435.155,0],"ix":2},"a":{"a":0,"k":[0,0,0],"ix":1},"s":{"a":0,"k":[100,100,100],"ix":6}},"ao":0,"shapes":[{"ty":"gr","it":[{"ind":0,"ty":"sh","ix":1,"ks":{"a":0,"k":{"i":[[0,0],[0,0]],"o":[[0,0],[0,0]],"v":[[-120.472,-68.243],[-120.472,39.346]],"c":false},"ix":2},"nm":"Path 1","mn":"ADBE Vector Shape - Group","hd":false},{"ty":"tm","s":{"a":1,"k":[{"i":{"x":[0.66],"y":[1]},"o":{"x":[0.34],"y":[0]},"t":37.562,"s":[0]},{"t":46,"s":[100]}],"ix":1},"e":{"a":1,"k":[{"i":{"x":[0.66],"y":[1]},"o":{"x":[0.34],"y":[0]},"t":33,"s":[0]},{"t":39.8125,"s":[100]}],"ix":2},"o":{"a":0,"k":0,"ix":3},"m":1,"ix":2,"nm":"Trim Paths 1","mn":"ADBE Vector Filter - Trim","hd":false},{"ty":"st","c":{"a":0,"k":[0.2,0.8,0.8,1],"ix":3},"o":{"a":0,"k":100,"ix":4},"w":{"a":0,"k":21,"ix":5,"x":"var $bm_rt;\n$bm_rt = $bm_div(comp('Icon-33 Like').layer('Stroke width - Color Ctrl').effect('Stroke width')('Slider'), 0.8);"},"lc":2,"lj":1,"ml":4,"bm":0,"nm":"Stroke 1","mn":"ADBE Vector Graphic - Stroke","hd":false},{"ty":"tr","p":{"a":0,"k":[0,0],"ix":2},"a":{"a":0,"k":[0,0],"ix":1},"s":{"a":0,"k":[100,100],"ix":3},"r":{"a":0,"k":0,"ix":6},"o":{"a":0,"k":100,"ix":7},"sk":{"a":0,"k":0,"ix":4},"sa":{"a":0,"k":0,"ix":5},"nm":"Transform"}],"nm":"Shape 1","np":4,"cix":2,"bm":0,"ix":1,"mn":"ADBE Vector Group","hd":false}],"ip":0,"op":75,"st":0,"bm":0}]}],"layers":[{"ddd":0,"ind":1,"ty":3,"nm":"Stroke width - Color Ctrl","parent":5,"sr":1,"ks":{"o":{"a":0,"k":0,"ix":11},"r":{"a":0,"k":0,"ix":10},"p":{"a":0,"k":[0,0,0],"ix":2},"a":{"a":0,"k":[48,49,0],"ix":1},"s":{"a":0,"k":[100,100,100],"ix":6}},"ao":0,"ef":[{"ty":5,"nm":"Stroke width","np":3,"mn":"ADBE Slider Control","ix":1,"en":1,"ef":[{"ty":0,"nm":"Slider","mn":"ADBE Slider Control-0001","ix":1,"v":{"a":0,"k":16,"ix":1}}]},{"ty":5,"nm":"Highlight","np":3,"mn":"ADBE Color Control","ix":2,"en":1,"ef":[{"ty":2,"nm":"Color","mn":"ADBE Color Control-0001","ix":1,"v":{"a":0,"k":[0.200000017881,0.800000071526,0.800000071526,1],"ix":1}}]},{"ty":5,"nm":"Base color","np":3,"mn":"ADBE Color Control","ix":3,"en":1,"ef":[{"ty":2,"nm":"Color","mn":"ADBE Color Control-0001","ix":1,"v":{"a":0,"k":[0,0,0,1],"ix":1}}]}],"ip":0,"op":75,"st":0,"bm":0},{"ddd":0,"ind":2,"ty":4,"nm":"Like","parent":4,"sr":1,"ks":{"o":{"a":0,"k":100,"ix":11},"r":{"a":1,"k":[{"i":{"x":[0.57],"y":[0.903]},"o":{"x":[0.175],"y":[0]},"t":13,"s":[0]},{"i":{"x":[0.723],"y":[0.742]},"o":{"x":[0.35],"y":[-0.091]},"t":17,"s":[-23.185]},{"i":{"x":[0.774],"y":[1]},"o":{"x":[0.425],"y":[-2.56]},"t":23,"s":[7]},{"t":32,"s":[0]}],"ix":10},"p":{"a":0,"k":[77.929,369.705,0],"ix":2},"a":{"a":0,"k":[-232.002,59.84,0],"ix":1},"s":{"a":0,"k":[100,100,100],"ix":6}},"ao":0,"shapes":[{"ty":"gr","it":[{"ind":0,"ty":"sh","ix":1,"ks":{"a":0,"k":{"i":[[0,0],[0,0]],"o":[[0,0],[0,0]],"v":[[-152.706,112.811],[-150.837,112.664]],"c":false},"ix":2},"nm":"Path 1","mn":"ADBE Vector Shape - Group","hd":false},{"ty":"st","c":{"a":0,"k":[0,0,0,1],"ix":3},"o":{"a":0,"k":100,"ix":4},"w":{"a":0,"k":33,"ix":5,"x":"var $bm_rt;\n$bm_rt = $bm_div(thisComp.layer('Stroke width - Color Ctrl').effect('Stroke width')('Slider'), 0.8);"},"lc":2,"lj":1,"ml":4,"bm":0,"nm":"Stroke 1","mn":"ADBE Vector Graphic - Stroke","hd":false},{"ty":"fl","c":{"a":0,"k":[0,0,0,1],"ix":4},"o":{"a":0,"k":100,"ix":5},"r":1,"bm":0,"nm":"Fill 1","mn":"ADBE Vector Graphic - Fill","hd":false},{"ty":"tr","p":{"a":0,"k":[0,0],"ix":2},"a":{"a":0,"k":[0,0],"ix":1},"s":{"a":0,"k":[100,100],"ix":3},"r":{"a":0,"k":0,"ix":6},"o":{"a":0,"k":100,"ix":7},"sk":{"a":0,"k":0,"ix":4},"sa":{"a":0,"k":0,"ix":5},"nm":"Transform"}],"nm":"Shape 1","np":3,"cix":2,"bm":0,"ix":1,"mn":"ADBE Vector Group","hd":false},{"ty":"gr","it":[{"ty":"fl","c":{"a":0,"k":[0,0,0,1],"ix":4},"o":{"a":0,"k":100,"ix":5},"r":1,"bm":0,"nm":"Fill 1","mn":"ADBE Vector Graphic - Fill","hd":false},{"ty":"tr","p":{"a":0,"k":[0,0],"ix":2},"a":{"a":0,"k":[0,0],"ix":1},"s":{"a":0,"k":[100,100],"ix":3},"r":{"a":0,"k":0,"ix":6},"o":{"a":0,"k":100,"ix":7},"sk":{"a":0,"k":0,"ix":4},"sa":{"a":0,"k":0,"ix":5},"nm":"Transform"}],"nm":"Group 1","np":1,"cix":2,"bm":0,"ix":2,"mn":"ADBE Vector Group","hd":false},{"ty":"gr","it":[{"ind":0,"ty":"sh","ix":1,"ks":{"a":1,"k":[{"i":{"x":0.833,"y":1},"o":{"x":0.167,"y":0},"t":13,"s":[{"i":[[0,0],[0,0],[-16.008,-4.437],[0,0],[-19.626,0],[0,0],[0,15.642],[15.642,0]],"o":[[0,0],[16.612,0],[0,0],[18.913,5.243],[0,0],[15.642,0],[0,-15.642],[0,0]],"v":[[-137.078,168.591],[-73.605,168.591],[-24.45,175.278],[25.097,189.013],[83.171,196.913],[136.463,196.913],[164.785,168.591],[136.463,140.27]],"c":false}]},{"t":17,"s":[{"i":[[0,0],[0,0],[-16.008,-4.437],[0,0],[-19.626,0],[0,0],[0,15.642],[15.642,0]],"o":[[0,0],[16.612,0],[0,0],[18.913,5.243],[0,0],[15.642,0],[0,-15.642],[0,0]],"v":[[-137.078,168.591],[-73.605,168.591],[-24.45,175.278],[25.097,189.013],[83.171,196.913],[136.463,196.913],[164.785,168.591],[134.625,139.482]],"c":false}]}],"ix":2},"nm":"Path 1","mn":"ADBE Vector Shape - Group","hd":false},{"ty":"st","c":{"a":0,"k":[0,0,0,1],"ix":3},"o":{"a":0,"k":100,"ix":4},"w":{"a":0,"k":21,"ix":5,"x":"var $bm_rt;\n$bm_rt = $bm_div(thisComp.layer('Stroke width - Color Ctrl').effect('Stroke width')('Slider'), 0.8);"},"lc":2,"lj":2,"bm":0,"nm":"Stroke 1","mn":"ADBE Vector Graphic - Stroke","hd":false},{"ty":"tr","p":{"a":0,"k":[0,0],"ix":2},"a":{"a":0,"k":[0,0],"ix":1},"s":{"a":0,"k":[100,100],"ix":3},"r":{"a":0,"k":0,"ix":6},"o":{"a":0,"k":100,"ix":7},"sk":{"a":0,"k":0,"ix":4},"sa":{"a":0,"k":0,"ix":5},"nm":"Transform"}],"nm":"Group 2","np":2,"cix":2,"bm":0,"ix":3,"mn":"ADBE Vector Group","hd":false},{"ty":"gr","it":[{"ind":0,"ty":"sh","ix":1,"ks":{"a":0,"k":{"i":[[0,0],[0,0],[0,0],[0,0]],"o":[[0,0],[0,0],[0,0],[0,0]],"v":[[-91.055,168.591],[-233.608,168.591],[-233.608,-29.661],[-91.055,-29.661]],"c":true},"ix":2},"nm":"Path 1","mn":"ADBE Vector Shape - Group","hd":false},{"ty":"st","c":{"a":0,"k":[0,0,0,1],"ix":3},"o":{"a":0,"k":100,"ix":4},"w":{"a":0,"k":21,"ix":5,"x":"var $bm_rt;\n$bm_rt = $bm_div(thisComp.layer('Stroke width - Color Ctrl').effect('Stroke width')('Slider'), 0.8);"},"lc":2,"lj":2,"bm":0,"nm":"Stroke 1","mn":"ADBE Vector Graphic - Stroke","hd":false},{"ty":"tr","p":{"a":0,"k":[0,0],"ix":2},"a":{"a":0,"k":[0,0],"ix":1},"s":{"a":0,"k":[100,100],"ix":3},"r":{"a":0,"k":0,"ix":6},"o":{"a":0,"k":100,"ix":7},"sk":{"a":0,"k":0,"ix":4},"sa":{"a":0,"k":0,"ix":5},"nm":"Transform"}],"nm":"Group 3","np":2,"cix":2,"bm":0,"ix":4,"mn":"ADBE Vector Group","hd":false},{"ty":"gr","it":[{"ind":0,"ty":"sh","ix":1,"ks":{"a":0,"k":{"i":[[0,0]],"o":[[0,0]],"v":[[-91.055,140.27]],"c":false},"ix":2},"nm":"Path 1","mn":"ADBE Vector Shape - Group","hd":false},{"ty":"st","c":{"a":0,"k":[0,0,0,1],"ix":3},"o":{"a":0,"k":100,"ix":4},"w":{"a":0,"k":21,"ix":5,"x":"var $bm_rt;\n$bm_rt = $bm_div(thisComp.layer('Stroke width - Color Ctrl').effect('Stroke width')('Slider'), 0.8);"},"lc":2,"lj":2,"bm":0,"nm":"Stroke 1","mn":"ADBE Vector Graphic - Stroke","hd":false},{"ty":"tr","p":{"a":0,"k":[0,0],"ix":2},"a":{"a":0,"k":[0,0],"ix":1},"s":{"a":0,"k":[100,100],"ix":3},"r":{"a":0,"k":0,"ix":6},"o":{"a":0,"k":100,"ix":7},"sk":{"a":0,"k":0,"ix":4},"sa":{"a":0,"k":0,"ix":5},"nm":"Transform"}],"nm":"Group 4","np":2,"cix":2,"bm":0,"ix":5,"mn":"ADBE Vector Group","hd":false},{"ty":"gr","it":[{"ind":0,"ty":"sh","ix":1,"ks":{"a":0,"k":{"i":[[0,0],[0,0]],"o":[[0,0],[0,0]],"v":[[78.876,-29.661],[107.197,-29.661]],"c":false},"ix":2},"nm":"Path 1","mn":"ADBE Vector Shape - Group","hd":false},{"ty":"st","c":{"a":0,"k":[0,0,0,1],"ix":3},"o":{"a":0,"k":100,"ix":4},"w":{"a":0,"k":21,"ix":5,"x":"var $bm_rt;\n$bm_rt = $bm_div(thisComp.layer('Stroke width - Color Ctrl').effect('Stroke width')('Slider'), 0.8);"},"lc":2,"lj":2,"bm":0,"nm":"Stroke 1","mn":"ADBE Vector Graphic - Stroke","hd":false},{"ty":"tr","p":{"a":0,"k":[0,0],"ix":2},"a":{"a":0,"k":[0,0],"ix":1},"s":{"a":0,"k":[100,100],"ix":3},"r":{"a":0,"k":0,"ix":6},"o":{"a":0,"k":100,"ix":7},"sk":{"a":0,"k":0,"ix":4},"sa":{"a":0,"k":0,"ix":5},"nm":"Transform"}],"nm":"Group 5","np":2,"cix":2,"bm":0,"ix":6,"mn":"ADBE Vector Group","hd":false},{"ty":"gr","it":[{"ind":0,"ty":"sh","ix":1,"ks":{"a":1,"k":[{"i":{"x":0.833,"y":0.833},"o":{"x":0.23,"y":0},"t":13,"s":[{"i":[[0,0],[-24.462,0.001],[-15.419,17.487],[0,39.91],[0,0],[0,-31.283],[0,0],[0,0],[0,-15.642],[15.642,0],[0,0],[0,0],[0,-15.642],[15.642,0],[0,0],[0,0],[0,-15.642],[0,0],[15.642,0],[0,0]],"o":[[-0.206,0.002],[23.314,-0.001],[25.164,-28.539],[0,0],[31.283,0],[0,0],[0,0],[15.642,0],[0,15.642],[0,0],[0,0],[15.642,0],[0,15.642],[0,0],[0,0],[15.642,0],[0,0],[0,15.642],[0,0],[0,0]],"v":[[-105.216,-29.661],[-50.695,-29.66],[10.581,-56.684],[50.554,-162.426],[50.554,-171.27],[107.197,-114.627],[107.197,-29.661],[193.107,-29.661],[221.429,-1.339],[193.107,26.982],[136.463,26.982],[193.107,26.982],[221.429,55.304],[193.107,83.626],[136.463,83.626],[164.785,83.626],[193.107,111.948],[193.107,111.948],[164.785,140.27],[136.463,140.27]],"c":false}]},{"i":{"x":0.77,"y":1},"o":{"x":0.167,"y":0.167},"t":17,"s":[{"i":[[0,0],[-24.462,0.001],[-15.419,17.487],[14.035,53.993],[0,0],[-19.108,-42.792],[0,0],[0,0],[0,-15.642],[15.642,0],[0,0],[0,0],[0,-15.642],[15.642,0],[0,0],[0,0],[0,-15.642],[0,0],[15.642,0],[0,0]],"o":[[-0.206,0.002],[23.314,-0.001],[25.164,-28.539],[0,0],[31.283,0],[0,0],[0,0],[15.642,0],[0,15.642],[0,0],[0,0],[15.642,0],[0,15.642],[0,0],[0,0],[15.642,0],[0,0],[0,15.642],[0,0],[0,0]],"v":[[-105.216,-29.661],[-50.695,-29.66],[10.581,-56.684],[17.926,-158.238],[17.926,-167.082],[86.962,-110.364],[107.197,-29.661],[172.872,-25.398],[206.097,-4.006],[177.775,24.316],[121.132,24.316],[177.775,24.316],[206.097,52.638],[177.775,80.959],[121.132,80.959],[149.453,80.959],[175.92,106.311],[175.886,106.41],[149.453,137.603],[120.92,141.034]],"c":false}]},{"i":{"x":0.77,"y":1},"o":{"x":0.23,"y":0},"t":18,"s":[{"i":[[0,0],[-24.462,0.001],[-15.419,17.487],[16.206,56.172],[0,0],[-22.065,-44.573],[0,0],[0,0],[0,-15.642],[15.642,0],[0,0],[0,0],[0,-15.642],[15.642,0],[0,0],[0,0],[0,-15.642],[0,0],[15.642,0],[0,0]],"o":[[-0.206,0.002],[23.314,-0.001],[25.164,-28.539],[0,0],[31.283,0],[0,0],[0,0],[15.642,0],[0,15.642],[0,0],[0,0],[15.642,0],[0,15.642],[0,0],[0,0],[15.642,0],[0,0],[0,15.642],[0,0],[0,0]],"v":[[-105.216,-29.661],[-50.695,-29.66],[10.581,-56.684],[12.878,-157.59],[12.878,-166.434],[83.831,-109.704],[107.197,-29.661],[169.741,-24.739],[203.725,-4.418],[175.403,23.903],[118.759,23.903],[175.403,23.903],[203.725,52.225],[175.403,80.547],[118.759,80.547],[147.081,80.547],[175.403,108.869],[173.221,105.553],[147.081,137.19],[118.515,141.152]],"c":false}]},{"i":{"x":0.833,"y":1},"o":{"x":0.167,"y":0},"t":24,"s":[{"i":[[0,0],[-24.462,0.001],[-15.419,17.487],[0,39.91],[0,0],[11.438,-28.506],[0,0],[0,0],[0,-15.642],[15.642,0],[0,0],[0,0],[0,-15.642],[15.642,0],[0,0],[0,0],[0,-15.642],[0,0],[15.642,0],[0,0]],"o":[[-0.206,0.002],[23.314,-0.001],[25.164,-28.539],[0,0],[43.38,-2.739],[0,0],[0,0],[15.642,0],[0,15.642],[0,0],[0,0],[15.642,0],[0,15.642],[0,0],[0,0],[15.642,0],[0,0],[0,15.642],[0,0],[0,0]],"v":[[-105.216,-29.661],[-50.695,-29.66],[10.581,-56.684],[65.374,-161.191],[65.374,-170.035],[122.018,-98.571],[107.197,-29.661],[193.107,-29.661],[221.429,-1.339],[193.107,26.982],[136.463,26.982],[193.107,26.982],[221.429,55.304],[193.107,83.626],[136.463,83.626],[164.785,83.626],[193.107,111.948],[193.107,111.948],[164.785,140.27],[136.463,140.27]],"c":false}]},{"t":31,"s":[{"i":[[0,0],[-24.462,0.001],[-15.419,17.487],[0,39.91],[0,0],[0,-31.283],[0,0],[0,0],[0,-15.642],[15.642,0],[0,0],[0,0],[0,-15.642],[15.642,0],[0,0],[0,0],[0,-15.642],[0,0],[15.642,0],[0,0]],"o":[[-0.206,0.002],[23.314,-0.001],[25.164,-28.539],[0,0],[31.283,0],[0,0],[0,0],[15.642,0],[0,15.642],[0,0],[0,0],[15.642,0],[0,15.642],[0,0],[0,0],[15.642,0],[0,0],[0,15.642],[0,0],[0,0]],"v":[[-105.216,-29.661],[-50.695,-29.66],[10.581,-56.684],[50.554,-162.426],[50.554,-171.27],[107.197,-114.627],[107.197,-29.661],[193.107,-29.661],[221.429,-1.339],[193.107,26.982],[136.463,26.982],[193.107,26.982],[221.429,55.304],[193.107,83.626],[136.463,83.626],[164.785,83.626],[193.107,111.948],[193.107,111.948],[164.785,140.27],[136.463,140.27]],"c":false}]}],"ix":2},"nm":"Path 1","mn":"ADBE Vector Shape - Group","hd":false},{"ty":"st","c":{"a":0,"k":[0,0,0,1],"ix":3},"o":{"a":0,"k":100,"ix":4},"w":{"a":0,"k":21,"ix":5,"x":"var $bm_rt;\n$bm_rt = $bm_div(thisComp.layer('Stroke width - Color Ctrl').effect('Stroke width')('Slider'), 0.8);"},"lc":2,"lj":2,"bm":0,"nm":"Stroke 1","mn":"ADBE Vector Graphic - Stroke","hd":false},{"ty":"tr","p":{"a":0,"k":[0,0],"ix":2},"a":{"a":0,"k":[0,0],"ix":1},"s":{"a":0,"k":[100,100],"ix":3},"r":{"a":0,"k":0,"ix":6},"o":{"a":0,"k":100,"ix":7},"sk":{"a":0,"k":0,"ix":4},"sa":{"a":0,"k":0,"ix":5},"nm":"Transform"}],"nm":"Group 6","np":2,"cix":2,"bm":0,"ix":7,"mn":"ADBE Vector Group","hd":false}],"ip":0,"op":75,"st":0,"bm":0},{"ddd":0,"ind":3,"ty":4,"nm":"Like mask","parent":4,"td":1,"sr":1,"ks":{"o":{"a":0,"k":100,"ix":11},"r":{"a":1,"k":[{"i":{"x":[0.57],"y":[0.903]},"o":{"x":[0.175],"y":[0]},"t":13,"s":[0]},{"i":{"x":[0.723],"y":[0.742]},"o":{"x":[0.35],"y":[-0.091]},"t":17,"s":[-23.185]},{"i":{"x":[0.774],"y":[1]},"o":{"x":[0.425],"y":[-2.56]},"t":23,"s":[7]},{"t":32,"s":[0]}],"ix":10},"p":{"a":0,"k":[77.929,369.705,0],"ix":2},"a":{"a":0,"k":[-232.002,59.84,0],"ix":1},"s":{"a":0,"k":[100,100,100],"ix":6}},"ao":0,"shapes":[{"ty":"gr","it":[{"ind":0,"ty":"sh","ix":1,"ks":{"a":0,"k":{"i":[[0,0],[0,0],[0,0],[0,0],[0,0],[0,0]],"o":[[0,0],[0,0],[0,0],[0,0],[0,0],[0,0]],"v":[[-86.803,-25.3],[-82.926,166.865],[68.872,159.903],[149.346,154.808],[145.968,143.789],[3.687,17.088]],"c":true},"ix":2},"nm":"Path 1","mn":"ADBE Vector Shape - Group","hd":false},{"ty":"st","c":{"a":0,"k":[0,0,0,1],"ix":3},"o":{"a":0,"k":100,"ix":4},"w":{"a":0,"k":20,"ix":5},"lc":1,"lj":1,"ml":4,"bm":0,"nm":"Stroke 1","mn":"ADBE Vector Graphic - Stroke","hd":false},{"ty":"fl","c":{"a":0,"k":[1,0,0,1],"ix":4},"o":{"a":0,"k":100,"ix":5},"r":1,"bm":0,"nm":"Fill 1","mn":"ADBE Vector Graphic - Fill","hd":false},{"ty":"tr","p":{"a":0,"k":[0,0],"ix":2},"a":{"a":0,"k":[0,0],"ix":1},"s":{"a":0,"k":[100,100],"ix":3},"r":{"a":0,"k":0,"ix":6},"o":{"a":0,"k":100,"ix":7},"sk":{"a":0,"k":0,"ix":4},"sa":{"a":0,"k":0,"ix":5},"nm":"Transform"}],"nm":"Shape 2","np":3,"cix":2,"bm":0,"ix":1,"mn":"ADBE Vector Group","hd":false},{"ty":"gr","it":[{"ind":0,"ty":"sh","ix":1,"ks":{"a":0,"k":{"i":[[0,0],[0,0]],"o":[[0,0],[0,0]],"v":[[-152.706,112.811],[-150.837,112.664]],"c":false},"ix":2},"nm":"Path 1","mn":"ADBE Vector Shape - Group","hd":false},{"ty":"st","c":{"a":0,"k":[0,0,0,1],"ix":3},"o":{"a":0,"k":100,"ix":4},"w":{"a":0,"k":33,"ix":5,"x":"var $bm_rt;\n$bm_rt = $bm_div(thisComp.layer('Stroke width - Color Ctrl').effect('Stroke width')('Slider'), 0.8);"},"lc":2,"lj":1,"ml":4,"bm":0,"nm":"Stroke 1","mn":"ADBE Vector Graphic - Stroke","hd":false},{"ty":"fl","c":{"a":0,"k":[0,0,0,1],"ix":4},"o":{"a":0,"k":100,"ix":5},"r":1,"bm":0,"nm":"Fill 1","mn":"ADBE Vector Graphic - Fill","hd":false},{"ty":"tr","p":{"a":0,"k":[0,0],"ix":2},"a":{"a":0,"k":[0,0],"ix":1},"s":{"a":0,"k":[100,100],"ix":3},"r":{"a":0,"k":0,"ix":6},"o":{"a":0,"k":100,"ix":7},"sk":{"a":0,"k":0,"ix":4},"sa":{"a":0,"k":0,"ix":5},"nm":"Transform"}],"nm":"Shape 1","np":3,"cix":2,"bm":0,"ix":2,"mn":"ADBE Vector Group","hd":false},{"ty":"gr","it":[{"ty":"fl","c":{"a":0,"k":[0,0,0,1],"ix":4},"o":{"a":0,"k":100,"ix":5},"r":1,"bm":0,"nm":"Fill 1","mn":"ADBE Vector Graphic - Fill","hd":false},{"ty":"tr","p":{"a":0,"k":[0,0],"ix":2},"a":{"a":0,"k":[0,0],"ix":1},"s":{"a":0,"k":[100,100],"ix":3},"r":{"a":0,"k":0,"ix":6},"o":{"a":0,"k":100,"ix":7},"sk":{"a":0,"k":0,"ix":4},"sa":{"a":0,"k":0,"ix":5},"nm":"Transform"}],"nm":"Group 1","np":1,"cix":2,"bm":0,"ix":3,"mn":"ADBE Vector Group","hd":false},{"ty":"gr","it":[{"ind":0,"ty":"sh","ix":1,"ks":{"a":1,"k":[{"i":{"x":0.833,"y":1},"o":{"x":0.167,"y":0},"t":13,"s":[{"i":[[0,0],[0,0],[-16.008,-4.437],[0,0],[-19.626,0],[0,0],[0,15.642],[15.642,0]],"o":[[0,0],[16.612,0],[0,0],[18.913,5.243],[0,0],[15.642,0],[0,-15.642],[0,0]],"v":[[-137.078,168.591],[-73.605,168.591],[-24.45,175.278],[25.097,189.013],[83.171,196.913],[136.463,196.913],[164.785,168.591],[136.463,140.27]],"c":false}]},{"t":17,"s":[{"i":[[0,0],[0,0],[-16.008,-4.437],[0,0],[-19.626,0],[0,0],[0,15.642],[15.642,0]],"o":[[0,0],[16.612,0],[0,0],[18.913,5.243],[0,0],[15.642,0],[0,-15.642],[0,0]],"v":[[-137.078,168.591],[-73.605,168.591],[-24.45,175.278],[25.097,189.013],[83.171,196.913],[136.463,196.913],[164.785,168.591],[134.625,139.482]],"c":false}]}],"ix":2},"nm":"Path 1","mn":"ADBE Vector Shape - Group","hd":false},{"ty":"st","c":{"a":0,"k":[0,0,0,1],"ix":3},"o":{"a":0,"k":100,"ix":4},"w":{"a":0,"k":21,"ix":5,"x":"var $bm_rt;\n$bm_rt = $bm_div(thisComp.layer('Stroke width - Color Ctrl').effect('Stroke width')('Slider'), 0.8);"},"lc":2,"lj":2,"bm":0,"nm":"Stroke 1","mn":"ADBE Vector Graphic - Stroke","hd":false},{"ty":"tr","p":{"a":0,"k":[0,0],"ix":2},"a":{"a":0,"k":[0,0],"ix":1},"s":{"a":0,"k":[100,100],"ix":3},"r":{"a":0,"k":0,"ix":6},"o":{"a":0,"k":100,"ix":7},"sk":{"a":0,"k":0,"ix":4},"sa":{"a":0,"k":0,"ix":5},"nm":"Transform"}],"nm":"Group 2","np":2,"cix":2,"bm":0,"ix":4,"mn":"ADBE Vector Group","hd":false},{"ty":"gr","it":[{"ind":0,"ty":"sh","ix":1,"ks":{"a":0,"k":{"i":[[0,0],[0,0],[0,0],[0,0]],"o":[[0,0],[0,0],[0,0],[0,0]],"v":[[-91.055,168.591],[-233.608,168.591],[-233.608,-29.661],[-91.055,-29.661]],"c":true},"ix":2},"nm":"Path 1","mn":"ADBE Vector Shape - Group","hd":false},{"ty":"st","c":{"a":0,"k":[0,0,0,1],"ix":3},"o":{"a":0,"k":100,"ix":4},"w":{"a":0,"k":21,"ix":5,"x":"var $bm_rt;\n$bm_rt = $bm_div(thisComp.layer('Stroke width - Color Ctrl').effect('Stroke width')('Slider'), 0.8);"},"lc":2,"lj":2,"bm":0,"nm":"Stroke 1","mn":"ADBE Vector Graphic - Stroke","hd":false},{"ty":"tr","p":{"a":0,"k":[0,0],"ix":2},"a":{"a":0,"k":[0,0],"ix":1},"s":{"a":0,"k":[100,100],"ix":3},"r":{"a":0,"k":0,"ix":6},"o":{"a":0,"k":100,"ix":7},"sk":{"a":0,"k":0,"ix":4},"sa":{"a":0,"k":0,"ix":5},"nm":"Transform"}],"nm":"Group 3","np":2,"cix":2,"bm":0,"ix":5,"mn":"ADBE Vector Group","hd":false},{"ty":"gr","it":[{"ind":0,"ty":"sh","ix":1,"ks":{"a":0,"k":{"i":[[0,0]],"o":[[0,0]],"v":[[-91.055,140.27]],"c":false},"ix":2},"nm":"Path 1","mn":"ADBE Vector Shape - Group","hd":false},{"ty":"st","c":{"a":0,"k":[0,0,0,1],"ix":3},"o":{"a":0,"k":100,"ix":4},"w":{"a":0,"k":21,"ix":5,"x":"var $bm_rt;\n$bm_rt = $bm_div(thisComp.layer('Stroke width - Color Ctrl').effect('Stroke width')('Slider'), 0.8);"},"lc":2,"lj":2,"bm":0,"nm":"Stroke 1","mn":"ADBE Vector Graphic - Stroke","hd":false},{"ty":"tr","p":{"a":0,"k":[0,0],"ix":2},"a":{"a":0,"k":[0,0],"ix":1},"s":{"a":0,"k":[100,100],"ix":3},"r":{"a":0,"k":0,"ix":6},"o":{"a":0,"k":100,"ix":7},"sk":{"a":0,"k":0,"ix":4},"sa":{"a":0,"k":0,"ix":5},"nm":"Transform"}],"nm":"Group 4","np":2,"cix":2,"bm":0,"ix":6,"mn":"ADBE Vector Group","hd":false},{"ty":"gr","it":[{"ind":0,"ty":"sh","ix":1,"ks":{"a":0,"k":{"i":[[0,0],[0,0]],"o":[[0,0],[0,0]],"v":[[78.876,-29.661],[107.197,-29.661]],"c":false},"ix":2},"nm":"Path 1","mn":"ADBE Vector Shape - Group","hd":false},{"ty":"st","c":{"a":0,"k":[0,0,0,1],"ix":3},"o":{"a":0,"k":100,"ix":4},"w":{"a":0,"k":21,"ix":5,"x":"var $bm_rt;\n$bm_rt = $bm_div(thisComp.layer('Stroke width - Color Ctrl').effect('Stroke width')('Slider'), 0.8);"},"lc":2,"lj":2,"bm":0,"nm":"Stroke 1","mn":"ADBE Vector Graphic - Stroke","hd":false},{"ty":"tr","p":{"a":0,"k":[0,0],"ix":2},"a":{"a":0,"k":[0,0],"ix":1},"s":{"a":0,"k":[100,100],"ix":3},"r":{"a":0,"k":0,"ix":6},"o":{"a":0,"k":100,"ix":7},"sk":{"a":0,"k":0,"ix":4},"sa":{"a":0,"k":0,"ix":5},"nm":"Transform"}],"nm":"Group 5","np":2,"cix":2,"bm":0,"ix":7,"mn":"ADBE Vector Group","hd":false},{"ty":"gr","it":[{"ind":0,"ty":"sh","ix":1,"ks":{"a":1,"k":[{"i":{"x":0.833,"y":0.833},"o":{"x":0.23,"y":0},"t":13,"s":[{"i":[[0,0],[-24.462,0.001],[-15.419,17.487],[0,39.91],[0,0],[0,-31.283],[0,0],[0,0],[0,-15.642],[15.642,0],[0,0],[0,0],[0,-15.642],[15.642,0],[0,0],[0,0],[0,-15.642],[0,0],[15.642,0],[0,0]],"o":[[-0.206,0.002],[23.314,-0.001],[25.164,-28.539],[0,0],[31.283,0],[0,0],[0,0],[15.642,0],[0,15.642],[0,0],[0,0],[15.642,0],[0,15.642],[0,0],[0,0],[15.642,0],[0,0],[0,15.642],[0,0],[0,0]],"v":[[-105.216,-29.661],[-50.695,-29.66],[10.581,-56.684],[50.554,-162.426],[50.554,-171.27],[107.197,-114.627],[107.197,-29.661],[193.107,-29.661],[221.429,-1.339],[193.107,26.982],[136.463,26.982],[193.107,26.982],[221.429,55.304],[193.107,83.626],[136.463,83.626],[164.785,83.626],[193.107,111.948],[193.107,111.948],[164.785,140.27],[136.463,140.27]],"c":false}]},{"i":{"x":0.77,"y":1},"o":{"x":0.167,"y":0.167},"t":17,"s":[{"i":[[0,0],[-24.462,0.001],[-15.419,17.487],[14.035,53.993],[0,0],[-19.108,-42.792],[0,0],[0,0],[0,-15.642],[15.642,0],[0,0],[0,0],[0,-15.642],[15.642,0],[0,0],[0,0],[0,-15.642],[0,0],[15.642,0],[0,0]],"o":[[-0.206,0.002],[23.314,-0.001],[25.164,-28.539],[0,0],[31.283,0],[0,0],[0,0],[15.642,0],[0,15.642],[0,0],[0,0],[15.642,0],[0,15.642],[0,0],[0,0],[15.642,0],[0,0],[0,15.642],[0,0],[0,0]],"v":[[-105.216,-29.661],[-50.695,-29.66],[10.581,-56.684],[17.926,-158.238],[17.926,-167.082],[86.962,-110.364],[107.197,-29.661],[172.872,-25.398],[206.097,-4.006],[177.775,24.316],[121.132,24.316],[177.775,24.316],[206.097,52.638],[177.775,80.959],[121.132,80.959],[149.453,80.959],[175.92,106.311],[175.886,106.41],[149.453,137.603],[120.92,141.034]],"c":false}]},{"i":{"x":0.77,"y":1},"o":{"x":0.23,"y":0},"t":18,"s":[{"i":[[0,0],[-24.462,0.001],[-15.419,17.487],[16.206,56.172],[0,0],[-22.065,-44.573],[0,0],[0,0],[0,-15.642],[15.642,0],[0,0],[0,0],[0,-15.642],[15.642,0],[0,0],[0,0],[0,-15.642],[0,0],[15.642,0],[0,0]],"o":[[-0.206,0.002],[23.314,-0.001],[25.164,-28.539],[0,0],[31.283,0],[0,0],[0,0],[15.642,0],[0,15.642],[0,0],[0,0],[15.642,0],[0,15.642],[0,0],[0,0],[15.642,0],[0,0],[0,15.642],[0,0],[0,0]],"v":[[-105.216,-29.661],[-50.695,-29.66],[10.581,-56.684],[12.878,-157.59],[12.878,-166.434],[83.831,-109.704],[107.197,-29.661],[169.741,-24.739],[203.725,-4.418],[175.403,23.903],[118.759,23.903],[175.403,23.903],[203.725,52.225],[175.403,80.547],[118.759,80.547],[147.081,80.547],[175.403,108.869],[173.221,105.553],[147.081,137.19],[118.515,141.152]],"c":false}]},{"i":{"x":0.833,"y":1},"o":{"x":0.167,"y":0},"t":24,"s":[{"i":[[0,0],[-24.462,0.001],[-15.419,17.487],[0,39.91],[0,0],[11.438,-28.506],[0,0],[0,0],[0,-15.642],[15.642,0],[0,0],[0,0],[0,-15.642],[15.642,0],[0,0],[0,0],[0,-15.642],[0,0],[15.642,0],[0,0]],"o":[[-0.206,0.002],[23.314,-0.001],[25.164,-28.539],[0,0],[43.38,-2.739],[0,0],[0,0],[15.642,0],[0,15.642],[0,0],[0,0],[15.642,0],[0,15.642],[0,0],[0,0],[15.642,0],[0,0],[0,15.642],[0,0],[0,0]],"v":[[-105.216,-29.661],[-50.695,-29.66],[10.581,-56.684],[65.374,-161.191],[65.374,-170.035],[122.018,-98.571],[107.197,-29.661],[193.107,-29.661],[221.429,-1.339],[193.107,26.982],[136.463,26.982],[193.107,26.982],[221.429,55.304],[193.107,83.626],[136.463,83.626],[164.785,83.626],[193.107,111.948],[193.107,111.948],[164.785,140.27],[136.463,140.27]],"c":false}]},{"t":31,"s":[{"i":[[0,0],[-24.462,0.001],[-15.419,17.487],[0,39.91],[0,0],[0,-31.283],[0,0],[0,0],[0,-15.642],[15.642,0],[0,0],[0,0],[0,-15.642],[15.642,0],[0,0],[0,0],[0,-15.642],[0,0],[15.642,0],[0,0]],"o":[[-0.206,0.002],[23.314,-0.001],[25.164,-28.539],[0,0],[31.283,0],[0,0],[0,0],[15.642,0],[0,15.642],[0,0],[0,0],[15.642,0],[0,15.642],[0,0],[0,0],[15.642,0],[0,0],[0,15.642],[0,0],[0,0]],"v":[[-105.216,-29.661],[-50.695,-29.66],[10.581,-56.684],[50.554,-162.426],[50.554,-171.27],[107.197,-114.627],[107.197,-29.661],[193.107,-29.661],[221.429,-1.339],[193.107,26.982],[136.463,26.982],[193.107,26.982],[221.429,55.304],[193.107,83.626],[136.463,83.626],[164.785,83.626],[193.107,111.948],[193.107,111.948],[164.785,140.27],[136.463,140.27]],"c":false}]}],"ix":2},"nm":"Path 1","mn":"ADBE Vector Shape - Group","hd":false},{"ty":"st","c":{"a":0,"k":[0,0,0,1],"ix":3},"o":{"a":0,"k":100,"ix":4},"w":{"a":0,"k":21,"ix":5,"x":"var $bm_rt;\n$bm_rt = $bm_div(thisComp.layer('Stroke width - Color Ctrl').effect('Stroke width')('Slider'), 0.8);"},"lc":2,"lj":2,"bm":0,"nm":"Stroke 1","mn":"ADBE Vector Graphic - Stroke","hd":false},{"ty":"tr","p":{"a":0,"k":[0,0],"ix":2},"a":{"a":0,"k":[0,0],"ix":1},"s":{"a":0,"k":[100,100],"ix":3},"r":{"a":0,"k":0,"ix":6},"o":{"a":0,"k":100,"ix":7},"sk":{"a":0,"k":0,"ix":4},"sa":{"a":0,"k":0,"ix":5},"nm":"Transform"}],"nm":"Group 6","np":2,"cix":2,"bm":0,"ix":8,"mn":"ADBE Vector Group","hd":false},{"ty":"fl","c":{"a":0,"k":[1,0,0,1],"ix":4},"o":{"a":0,"k":100,"ix":5},"r":1,"bm":0,"nm":"Fill 1","mn":"ADBE Vector Graphic - Fill","hd":false}],"ip":0,"op":75,"st":0,"bm":0},{"ddd":0,"ind":4,"ty":0,"nm":"Highlights","tt":2,"refId":"comp_0","sr":1,"ks":{"o":{"a":0,"k":100,"ix":11},"r":{"a":0,"k":0,"ix":10},"p":{"a":0,"k":[250,250,0],"ix":2},"a":{"a":0,"k":[310,310,0],"ix":1},"s":{"a":0,"k":[80,80,100],"ix":6}},"ao":0,"w":620,"h":620,"ip":-7,"op":68,"st":-7,"bm":0},{"ddd":0,"ind":5,"ty":3,"nm":"Zero | troke width - Color Ctrl","sr":1,"ks":{"o":{"a":0,"k":0,"ix":11},"r":{"a":0,"k":0,"ix":10},"p":{"a":0,"k":[248,249,0],"ix":2},"a":{"a":0,"k":[0,0,0],"ix":1},"s":{"a":0,"k":[100,100,100],"ix":6}},"ao":0,"ip":0,"op":75,"st":0,"bm":0}],"markers":[]}