{"v":"5.5.7","meta":{"g":"LottieFiles AE 0.1.20","a":"","k":"","d":"","tc":""},"fr":60,"ip":0,"op":273,"w":256,"h":256,"nm":"Dynamic Dashboard Icon - Lottie Render - (Opacity Fade)","ddd":0,"assets":[{"id":"comp_0","layers":[{"ddd":0,"ind":1,"ty":4,"nm":"Panel 16","sr":1,"ks":{"o":{"a":1,"k":[{"i":{"x":[0.15],"y":[1]},"o":{"x":[0.6],"y":[0]},"t":242,"s":[0]},{"t":257,"s":[100]}],"ix":11},"r":{"a":0,"k":0,"ix":10},"p":{"a":0,"k":[113,165,0],"ix":2},"a":{"a":0,"k":[113,165,0],"ix":1},"s":{"a":0,"k":[100,100,100],"ix":6}},"ao":0,"shapes":[{"ty":"gr","it":[{"ind":0,"ty":"sh","ix":1,"ks":{"a":1,"k":[{"i":{"x":0.15,"y":1},"o":{"x":0.6,"y":0},"t":242,"s":[{"i":[[1.657,0],[0,0],[0,1.657],[0,0],[-1.657,0],[0,0],[0,-1.657],[0,0]],"o":[[0,0],[-1.657,0],[0,0],[0,-1.657],[0,0],[1.657,0],[0,0],[0,1.657]],"v":[[9,16],[-9,16],[-12,13],[-12,13],[-9,10],[9,10],[12,13],[12,13]],"c":true}]},{"t":272,"s":[{"i":[[1.657,0],[0,0],[0,1.657],[0,0],[-1.657,0],[0,0],[0,-1.657],[0,0]],"o":[[0,0],[-1.657,0],[0,0],[0,-1.657],[0,0],[1.657,0],[0,0],[0,1.657]],"v":[[9,6],[-9,6],[-12,3],[-12,-3],[-9,-6],[9,-6],[12,-3],[12,3]],"c":true}]}],"ix":2},"nm":"Path 1","mn":"ADBE Vector Shape - Group","hd":false},{"ty":"fl","c":{"a":0,"k":[0,0,0,1],"ix":4},"o":{"a":0,"k":100,"ix":5},"r":1,"bm":0,"nm":"Fill 1","mn":"ADBE Vector Graphic - Fill","hd":false},{"ty":"tr","p":{"a":0,"k":[113,152],"ix":2},"a":{"a":0,"k":[0,0],"ix":1},"s":{"a":0,"k":[100,100],"ix":3},"r":{"a":0,"k":0,"ix":6},"o":{"a":0,"k":100,"ix":7},"sk":{"a":0,"k":0,"ix":4},"sa":{"a":0,"k":0,"ix":5},"nm":"Transform"}],"nm":"Panel 10","np":2,"cix":2,"bm":0,"ix":1,"mn":"ADBE Vector Group","hd":false}],"ip":240,"op":279,"st":-15,"bm":0},{"ddd":0,"ind":2,"ty":4,"nm":"Panel 15","sr":1,"ks":{"o":{"a":1,"k":[{"i":{"x":[0.15],"y":[1]},"o":{"x":[0.6],"y":[0]},"t":206,"s":[0]},{"t":226,"s":[100]}],"ix":11},"r":{"a":0,"k":0,"ix":10},"p":{"a":0,"k":[143,165.047,0],"ix":2},"a":{"a":0,"k":[143,165.047,0],"ix":1},"s":{"a":0,"k":[100,100,100],"ix":6}},"ao":0,"shapes":[{"ty":"gr","it":[{"ind":0,"ty":"sh","ix":1,"ks":{"a":1,"k":[{"i":{"x":0.15,"y":1},"o":{"x":0.6,"y":0},"t":206,"s":[{"i":[[1.657,0],[0,0],[0,1.657],[0,0],[-1.657,0],[0,0],[0,-1.657],[0,0]],"o":[[0,0],[-1.657,0],[0,0],[0,-1.657],[0,0],[1.657,0],[0,0],[0,1.657]],"v":[[9,64.031],[-9,64.031],[-12,61.031],[-12,61.062],[-9,58.062],[9,58.062],[12,61.062],[12,61.031]],"c":true}]},{"i":{"x":0.833,"y":1},"o":{"x":0.167,"y":0},"t":236,"s":[{"i":[[1.657,0],[0,0],[0,1.657],[0,0],[-1.657,0],[0,0],[0,-1.657],[0,0]],"o":[[0,0],[-1.657,0],[0,0],[0,-1.657],[0,0],[1.657,0],[0,0],[0,1.657]],"v":[[9,54.016],[-9,54.016],[-12,51.016],[-12,39.016],[-9,36.016],[9,36.016],[12,39.016],[12,51.016]],"c":true}]},{"i":{"x":0.15,"y":1},"o":{"x":0.6,"y":0},"t":243,"s":[{"i":[[1.657,0],[0,0],[0,1.657],[0,0],[-1.657,0],[0,0],[0,-1.657],[0,0]],"o":[[0,0],[-1.657,0],[0,0],[0,-1.657],[0,0],[1.657,0],[0,0],[0,1.657]],"v":[[9,54.016],[-9,54.016],[-12,51.016],[-12,39.016],[-9,36.016],[9,36.016],[12,39.016],[12,51.016]],"c":true}]},{"t":273,"s":[{"i":[[1.657,0],[0,0],[0,1.657],[0,0],[-1.657,0],[0,0],[0,-1.657],[0,0]],"o":[[0,0],[-1.657,0],[0,0],[0,-1.657],[0,0],[1.657,0],[0,0],[0,1.657]],"v":[[9,54],[-9,54],[-12,51],[-12,15],[-9,12],[9,12],[12,15],[12,51]],"c":true}]}],"ix":2},"nm":"Path 1","mn":"ADBE Vector Shape - Group","hd":false},{"ty":"fl","c":{"a":0,"k":[0,0,0,1],"ix":4},"o":{"a":0,"k":100,"ix":5},"r":1,"bm":0,"nm":"Fill 1","mn":"ADBE Vector Graphic - Fill","hd":false},{"ty":"tr","p":{"a":0,"k":[143,104],"ix":2},"a":{"a":0,"k":[0,0],"ix":1},"s":{"a":0,"k":[100,100],"ix":3},"r":{"a":0,"k":0,"ix":6},"o":{"a":0,"k":100,"ix":7},"sk":{"a":0,"k":0,"ix":4},"sa":{"a":0,"k":0,"ix":5},"nm":"Transform"}],"nm":"Panel 15","np":2,"cix":2,"bm":0,"ix":1,"mn":"ADBE Vector Group","hd":false}],"ip":-25,"op":279,"st":-15,"bm":0},{"ddd":0,"ind":3,"ty":4,"nm":"Panel 14","sr":1,"ks":{"o":{"a":1,"k":[{"i":{"x":[0.15],"y":[1]},"o":{"x":[0.6],"y":[0]},"t":203,"s":[0]},{"t":223,"s":[100]}],"ix":11},"r":{"a":0,"k":0,"ix":10},"p":{"a":0,"k":[143,165.047,0],"ix":2},"a":{"a":0,"k":[143,165.047,0],"ix":1},"s":{"a":0,"k":[100,100,100],"ix":6}},"ao":0,"shapes":[{"ty":"gr","it":[{"ind":0,"ty":"sh","ix":1,"ks":{"a":1,"k":[{"i":{"x":0.15,"y":1},"o":{"x":0.6,"y":0},"t":203,"s":[{"i":[[1.657,0],[0,0],[0,1.657],[0,0],[-1.657,0],[0,0],[0,-1.657],[0,0]],"o":[[0,0],[-1.657,0],[0,0],[0,-1.657],[0,0],[1.657,0],[0,0],[0,1.657]],"v":[[9,64.031],[-9,64.031],[-12,61.031],[-12,61.062],[-9,58.062],[9,58.062],[12,61.062],[12,61.031]],"c":true}]},{"i":{"x":0.833,"y":1},"o":{"x":0.167,"y":0},"t":233,"s":[{"i":[[1.657,0],[0,0],[0,1.657],[0,0],[-1.657,0],[0,0],[0,-1.657],[0,0]],"o":[[0,0],[-1.657,0],[0,0],[0,-1.657],[0,0],[1.657,0],[0,0],[0,1.657]],"v":[[9,30],[-9,30],[-12,27],[-12,21],[-9,18],[9,18],[12,21],[12,27]],"c":true}]},{"i":{"x":0.15,"y":1},"o":{"x":0.6,"y":0},"t":241,"s":[{"i":[[1.657,0],[0,0],[0,1.657],[0,0],[-1.657,0],[0,0],[0,-1.657],[0,0]],"o":[[0,0],[-1.657,0],[0,0],[0,-1.657],[0,0],[1.657,0],[0,0],[0,1.657]],"v":[[9,30],[-9,30],[-12,27],[-12,21],[-9,18],[9,18],[12,21],[12,27]],"c":true}]},{"t":271,"s":[{"i":[[1.657,0],[0,0],[0,1.657],[0,0],[-1.657,0],[0,0],[0,-1.657],[0,0]],"o":[[0,0],[-1.657,0],[0,0],[0,-1.657],[0,0],[1.657,0],[0,0],[0,1.657]],"v":[[9,6],[-9,6],[-12,3],[-12,-3],[-9,-6],[9,-6],[12,-3],[12,3]],"c":true}]}],"ix":2},"nm":"Path 1","mn":"ADBE Vector Shape - Group","hd":false},{"ty":"fl","c":{"a":0,"k":[0,0,0,1],"ix":4},"o":{"a":0,"k":100,"ix":5},"r":1,"bm":0,"nm":"Fill 1","mn":"ADBE Vector Graphic - Fill","hd":false},{"ty":"tr","p":{"a":0,"k":[143,104],"ix":2},"a":{"a":0,"k":[0,0],"ix":1},"s":{"a":0,"k":[100,100],"ix":3},"r":{"a":0,"k":0,"ix":6},"o":{"a":0,"k":100,"ix":7},"sk":{"a":0,"k":0,"ix":4},"sa":{"a":0,"k":0,"ix":5},"nm":"Transform"}],"nm":"Panel 14","np":2,"cix":2,"bm":0,"ix":1,"mn":"ADBE Vector Group","hd":false}],"ip":-26,"op":279,"st":-15,"bm":0},{"ddd":0,"ind":4,"ty":4,"nm":"Panel 13","sr":1,"ks":{"o":{"a":1,"k":[{"i":{"x":[0.15],"y":[1]},"o":{"x":[0.6],"y":[0]},"t":165,"s":[0]},{"t":185,"s":[100]}],"ix":11},"r":{"a":0,"k":0,"ix":10},"p":{"a":0,"k":[113,165,0],"ix":2},"a":{"a":0,"k":[113,165,0],"ix":1},"s":{"a":0,"k":[100,100,100],"ix":6}},"ao":0,"shapes":[{"ty":"gr","it":[{"ind":0,"ty":"sh","ix":1,"ks":{"a":1,"k":[{"i":{"x":0.15,"y":1},"o":{"x":0.6,"y":0},"t":165,"s":[{"i":[[1.657,0],[0,0],[0,1.657],[0,0],[-1.657,0],[0,0],[0,-1.657],[0,0]],"o":[[0,0],[-1.657,0],[0,0],[0,-1.657],[0,0],[1.657,0],[0,0],[0,1.657]],"v":[[9,16],[-9,16],[-12,13],[-12,13],[-9,10],[9,10],[12,13],[12,13]],"c":true}]},{"i":{"x":0.833,"y":1},"o":{"x":0.167,"y":0},"t":195,"s":[{"i":[[1.657,0],[0,0],[0,1.657],[0,0],[-1.657,0],[0,0],[0,-1.657],[0,0]],"o":[[0,0],[-1.657,0],[0,0],[0,-1.657],[0,0],[1.657,0],[0,0],[0,1.657]],"v":[[9,6],[-9,6],[-12,3],[-12,-9],[-9,-12],[9,-12],[12,-9],[12,3]],"c":true}]},{"i":{"x":0.15,"y":1},"o":{"x":0.6,"y":0},"t":202,"s":[{"i":[[1.657,0],[0,0],[0,1.657],[0,0],[-1.657,0],[0,0],[0,-1.657],[0,0]],"o":[[0,0],[-1.657,0],[0,0],[0,-1.657],[0,0],[1.657,0],[0,0],[0,1.657]],"v":[[9,6],[-9,6],[-12,3],[-12,-9],[-9,-12],[9,-12],[12,-9],[12,3]],"c":true}]},{"i":{"x":0.833,"y":1},"o":{"x":0.167,"y":0},"t":232,"s":[{"i":[[1.657,0],[0,0],[0,1.657],[0,0],[-1.657,0],[0,0],[0,-1.657],[0,0]],"o":[[0,0],[-1.657,0],[0,0],[0,-1.657],[0,0],[1.657,0],[0,0],[0,1.657]],"v":[[9,6],[-9,6],[-12,3],[-12,-50.984],[-9,-53.984],[9,-53.984],[12,-50.984],[12,3]],"c":true}]},{"i":{"x":0.15,"y":1},"o":{"x":0.6,"y":0},"t":240,"s":[{"i":[[1.657,0],[0,0],[0,1.657],[0,0],[-1.657,0],[0,0],[0,-1.657],[0,0]],"o":[[0,0],[-1.657,0],[0,0],[0,-1.657],[0,0],[1.657,0],[0,0],[0,1.657]],"v":[[9,6],[-9,6],[-12,3],[-12,-50.984],[-9,-53.984],[9,-53.984],[12,-50.984],[12,3]],"c":true}]},{"t":270,"s":[{"i":[[1.657,0],[0,0],[0,1.657],[0,0],[-1.657,0],[0,0],[0,-1.657],[0,0]],"o":[[0,0],[-1.657,0],[0,0],[0,-1.657],[0,0],[1.657,0],[0,0],[0,1.657]],"v":[[9,-12],[-9,-12],[-12,-15],[-12,-51],[-9,-54],[9,-54],[12,-51],[12,-15]],"c":true}]}],"ix":2},"nm":"Path 1","mn":"ADBE Vector Shape - Group","hd":false},{"ty":"fl","c":{"a":0,"k":[0,0,0,1],"ix":4},"o":{"a":0,"k":100,"ix":5},"r":1,"bm":0,"nm":"Fill 1","mn":"ADBE Vector Graphic - Fill","hd":false},{"ty":"tr","p":{"a":0,"k":[113,152],"ix":2},"a":{"a":0,"k":[0,0],"ix":1},"s":{"a":0,"k":[100,100],"ix":3},"r":{"a":0,"k":0,"ix":6},"o":{"a":0,"k":100,"ix":7},"sk":{"a":0,"k":0,"ix":4},"sa":{"a":0,"k":0,"ix":5},"nm":"Transform"}],"nm":"Panel 13","np":2,"cix":2,"bm":0,"ix":1,"mn":"ADBE Vector Group","hd":false}],"ip":0,"op":279,"st":-15,"bm":0},{"ddd":0,"ind":5,"ty":4,"nm":"Panel 12","sr":1,"ks":{"o":{"a":1,"k":[{"i":{"x":[0.15],"y":[1]},"o":{"x":[0.6],"y":[0]},"t":128,"s":[0]},{"i":{"x":[0.833],"y":[1]},"o":{"x":[0.167],"y":[0]},"t":143,"s":[100]},{"i":{"x":[0.15],"y":[1]},"o":{"x":[0.6],"y":[0]},"t":250,"s":[100]},{"t":265,"s":[0]}],"ix":11},"r":{"a":0,"k":0,"ix":10},"p":{"a":0,"k":[143,165.047,0],"ix":2},"a":{"a":0,"k":[143,165.047,0],"ix":1},"s":{"a":0,"k":[100,100,100],"ix":6}},"ao":0,"shapes":[{"ty":"gr","it":[{"ind":0,"ty":"sh","ix":1,"ks":{"a":1,"k":[{"i":{"x":0.15,"y":1},"o":{"x":0.6,"y":0},"t":128,"s":[{"i":[[1.657,0],[0,0],[0,1.657],[0,0],[-1.657,0],[0,0],[0,-1.657],[0,0]],"o":[[0,0],[-1.657,0],[0,0],[0,-1.657],[0,0],[1.657,0],[0,0],[0,1.657]],"v":[[9,64.031],[-9,64.031],[-12,61.031],[-12,61.062],[-9,58.062],[9,58.062],[12,61.062],[12,61.031]],"c":true}]},{"i":{"x":0.833,"y":1},"o":{"x":0.167,"y":0},"t":158,"s":[{"i":[[1.657,0],[0,0],[0,1.657],[0,0],[-1.657,0],[0,0],[0,-1.657],[0,0]],"o":[[0,0],[-1.657,0],[0,0],[0,-1.657],[0,0],[1.657,0],[0,0],[0,1.657]],"v":[[9,54],[-9,54],[-12,51],[-12,39],[-9,36],[9,36],[12,39],[12,51]],"c":true}]},{"i":{"x":0.15,"y":1},"o":{"x":0.6,"y":0},"t":164,"s":[{"i":[[1.657,0],[0,0],[0,1.657],[0,0],[-1.657,0],[0,0],[0,-1.657],[0,0]],"o":[[0,0],[-1.657,0],[0,0],[0,-1.657],[0,0],[1.657,0],[0,0],[0,1.657]],"v":[[9,54],[-9,54],[-12,51],[-12,39],[-9,36],[9,36],[12,39],[12,51]],"c":true}]},{"i":{"x":0.833,"y":1},"o":{"x":0.167,"y":0},"t":194,"s":[{"i":[[1.657,0],[0,0],[0,1.657],[0,0],[-1.657,0],[0,0],[0,-1.657],[0,0]],"o":[[0,0],[-1.657,0],[0,0],[0,-1.657],[0,0],[1.657,0],[0,0],[0,1.657]],"v":[[9,54],[-9,54],[-12,51],[-12,21],[-9,18],[9,18],[12,21],[12,51]],"c":true}]},{"i":{"x":0.15,"y":1},"o":{"x":0.6,"y":0},"t":202,"s":[{"i":[[1.657,0],[0,0],[0,1.657],[0,0],[-1.657,0],[0,0],[0,-1.657],[0,0]],"o":[[0,0],[-1.657,0],[0,0],[0,-1.657],[0,0],[1.657,0],[0,0],[0,1.657]],"v":[[9,54],[-9,54],[-12,51],[-12,21],[-9,18],[9,18],[12,21],[12,51]],"c":true}]},{"i":{"x":0.833,"y":1},"o":{"x":0.167,"y":0},"t":232,"s":[{"i":[[1.657,0],[0,0],[0,1.657],[0,0],[-1.657,0],[0,0],[0,-1.657],[0,0]],"o":[[0,0],[-1.657,0],[0,0],[0,-1.657],[0,0],[1.657,0],[0,0],[0,1.657]],"v":[[9,12],[-9,12],[-12,9],[-12,-3],[-9,-6],[9,-6],[12,-3],[12,9]],"c":true}]},{"i":{"x":0.15,"y":1},"o":{"x":0.6,"y":0},"t":240,"s":[{"i":[[1.657,0],[0,0],[0,1.657],[0,0],[-1.657,0],[0,0],[0,-1.657],[0,0]],"o":[[0,0],[-1.657,0],[0,0],[0,-1.657],[0,0],[1.657,0],[0,0],[0,1.657]],"v":[[9,12],[-9,12],[-12,9],[-12,-3],[-9,-6],[9,-6],[12,-3],[12,9]],"c":true}]},{"t":270,"s":[{"i":[[1.657,0],[0,0],[0,1.657],[0,0],[-1.657,0],[0,0],[0,-1.657],[0,0]],"o":[[0,0],[-1.657,0],[0,0],[0,-1.657],[0,0],[1.657,0],[0,0],[0,1.657]],"v":[[9,-9.953],[-9,-9.953],[-12,-12.953],[-12,-12.922],[-9,-15.922],[9,-15.922],[12,-12.922],[12,-12.953]],"c":true}]}],"ix":2},"nm":"Path 1","mn":"ADBE Vector Shape - Group","hd":false},{"ty":"fl","c":{"a":0,"k":[0,0,0,1],"ix":4},"o":{"a":0,"k":100,"ix":5},"r":1,"bm":0,"nm":"Fill 1","mn":"ADBE Vector Graphic - Fill","hd":false},{"ty":"tr","p":{"a":0,"k":[143,104],"ix":2},"a":{"a":0,"k":[0,0],"ix":1},"s":{"a":0,"k":[100,100],"ix":3},"r":{"a":0,"k":0,"ix":6},"o":{"a":0,"k":100,"ix":7},"sk":{"a":0,"k":0,"ix":4},"sa":{"a":0,"k":0,"ix":5},"nm":"Transform"}],"nm":"Panel 12","np":2,"cix":2,"bm":0,"ix":1,"mn":"ADBE Vector Group","hd":false}],"ip":0,"op":271,"st":-15,"bm":0},{"ddd":0,"ind":6,"ty":4,"nm":"Panel 11","sr":1,"ks":{"o":{"a":1,"k":[{"i":{"x":[0.15],"y":[1]},"o":{"x":[0.6],"y":[0]},"t":123,"s":[0]},{"i":{"x":[0.833],"y":[1]},"o":{"x":[0.167],"y":[0]},"t":138,"s":[100]},{"i":{"x":[0.15],"y":[1]},"o":{"x":[0.6],"y":[0]},"t":210,"s":[100]},{"t":225,"s":[0]}],"ix":11},"r":{"a":0,"k":0,"ix":10},"p":{"a":0,"k":[143,165.047,0],"ix":2},"a":{"a":0,"k":[143,165.047,0],"ix":1},"s":{"a":0,"k":[100,100,100],"ix":6}},"ao":0,"shapes":[{"ty":"gr","it":[{"ind":0,"ty":"sh","ix":1,"ks":{"a":1,"k":[{"i":{"x":0.15,"y":1},"o":{"x":0.6,"y":0},"t":123,"s":[{"i":[[1.657,0],[0,0],[0,1.657],[0,0],[-1.657,0],[0,0],[0,-1.657],[0,0]],"o":[[0,0],[-1.657,0],[0,0],[0,-1.657],[0,0],[1.657,0],[0,0],[0,1.657]],"v":[[9,64.031],[-9,64.031],[-12,61.031],[-12,61.062],[-9,58.062],[9,58.062],[12,61.062],[12,61.031]],"c":true}]},{"i":{"x":0.833,"y":1},"o":{"x":0.167,"y":0},"t":153,"s":[{"i":[[1.657,0],[0,0],[0,1.657],[0,0],[-1.657,0],[0,0],[0,-1.657],[0,0]],"o":[[0,0],[-1.657,0],[0,0],[0,-1.657],[0,0],[1.657,0],[0,0],[0,1.657]],"v":[[9,30],[-9,30],[-12,27],[-12,15],[-9,12],[9,12],[12,15],[12,27]],"c":true}]},{"i":{"x":0.15,"y":1},"o":{"x":0.6,"y":0},"t":162,"s":[{"i":[[1.657,0],[0,0],[0,1.657],[0,0],[-1.657,0],[0,0],[0,-1.657],[0,0]],"o":[[0,0],[-1.657,0],[0,0],[0,-1.657],[0,0],[1.657,0],[0,0],[0,1.657]],"v":[[9,30],[-9,30],[-12,27],[-12,15],[-9,12],[9,12],[12,15],[12,27]],"c":true}]},{"i":{"x":0.833,"y":1},"o":{"x":0.167,"y":0},"t":192,"s":[{"i":[[1.657,0],[0,0],[0,1.657],[0,0],[-1.657,0],[0,0],[0,-1.657],[0,0]],"o":[[0,0],[-1.657,0],[0,0],[0,-1.657],[0,0],[1.657,0],[0,0],[0,1.657]],"v":[[9,12],[-9,12],[-12,9],[-12,-3],[-9,-6],[9,-6],[12,-3],[12,9]],"c":true}]},{"i":{"x":0.15,"y":1},"o":{"x":0.6,"y":0},"t":200,"s":[{"i":[[1.657,0],[0,0],[0,1.657],[0,0],[-1.657,0],[0,0],[0,-1.657],[0,0]],"o":[[0,0],[-1.657,0],[0,0],[0,-1.657],[0,0],[1.657,0],[0,0],[0,1.657]],"v":[[9,12],[-9,12],[-12,9],[-12,-3],[-9,-6],[9,-6],[12,-3],[12,9]],"c":true}]},{"t":230,"s":[{"i":[[1.657,0],[0,0],[0,1.657],[0,0],[-1.657,0],[0,0],[0,-1.657],[0,0]],"o":[[0,0],[-1.657,0],[0,0],[0,-1.657],[0,0],[1.657,0],[0,0],[0,1.657]],"v":[[9,-9.953],[-9,-9.953],[-12,-12.953],[-12,-12.922],[-9,-15.922],[9,-15.922],[12,-12.922],[12,-12.953]],"c":true}]}],"ix":2},"nm":"Path 1","mn":"ADBE Vector Shape - Group","hd":false},{"ty":"fl","c":{"a":0,"k":[0,0,0,1],"ix":4},"o":{"a":0,"k":100,"ix":5},"r":1,"bm":0,"nm":"Fill 1","mn":"ADBE Vector Graphic - Fill","hd":false},{"ty":"tr","p":{"a":0,"k":[143,104],"ix":2},"a":{"a":0,"k":[0,0],"ix":1},"s":{"a":0,"k":[100,100],"ix":3},"r":{"a":0,"k":0,"ix":6},"o":{"a":0,"k":100,"ix":7},"sk":{"a":0,"k":0,"ix":4},"sa":{"a":0,"k":0,"ix":5},"nm":"Transform"}],"nm":"Panel 11","np":2,"cix":2,"bm":0,"ix":1,"mn":"ADBE Vector Group","hd":false}],"ip":0,"op":230,"st":-15,"bm":0},{"ddd":0,"ind":7,"ty":4,"nm":"Panel 10","sr":1,"ks":{"o":{"a":1,"k":[{"i":{"x":[0.15],"y":[1]},"o":{"x":[0.6],"y":[0]},"t":128,"s":[0]},{"i":{"x":[0.833],"y":[1]},"o":{"x":[0.167],"y":[0]},"t":143,"s":[100]},{"i":{"x":[0.15],"y":[1]},"o":{"x":[0.6],"y":[0]},"t":210,"s":[100]},{"t":225,"s":[0]}],"ix":11},"r":{"a":0,"k":0,"ix":10},"p":{"a":0,"k":[113,165,0],"ix":2},"a":{"a":0,"k":[113,165,0],"ix":1},"s":{"a":0,"k":[100,100,100],"ix":6}},"ao":0,"shapes":[{"ty":"gr","it":[{"ind":0,"ty":"sh","ix":1,"ks":{"a":1,"k":[{"i":{"x":0.15,"y":1},"o":{"x":0.6,"y":0},"t":128,"s":[{"i":[[1.657,0],[0,0],[0,1.657],[0,0],[-1.657,0],[0,0],[0,-1.657],[0,0]],"o":[[0,0],[-1.657,0],[0,0],[0,-1.657],[0,0],[1.657,0],[0,0],[0,1.657]],"v":[[9,16],[-9,16],[-12,13],[-12,13],[-9,10],[9,10],[12,13],[12,13]],"c":true}]},{"i":{"x":0.833,"y":1},"o":{"x":0.167,"y":0},"t":158,"s":[{"i":[[1.657,0],[0,0],[0,1.657],[0,0],[-1.657,0],[0,0],[0,-1.657],[0,0]],"o":[[0,0],[-1.657,0],[0,0],[0,-1.657],[0,0],[1.657,0],[0,0],[0,1.657]],"v":[[9,6],[-9,6],[-12,3],[-12,-3],[-9,-6],[9,-6],[12,-3],[12,3]],"c":true}]},{"i":{"x":0.15,"y":1},"o":{"x":0.6,"y":0},"t":163,"s":[{"i":[[1.657,0],[0,0],[0,1.657],[0,0],[-1.657,0],[0,0],[0,-1.657],[0,0]],"o":[[0,0],[-1.657,0],[0,0],[0,-1.657],[0,0],[1.657,0],[0,0],[0,1.657]],"v":[[9,6],[-9,6],[-12,3],[-12,-3],[-9,-6],[9,-6],[12,-3],[12,3]],"c":true}]},{"i":{"x":0.833,"y":1},"o":{"x":0.167,"y":0},"t":193,"s":[{"i":[[1.657,0],[0,0],[0,1.657],[0,0],[-1.657,0],[0,0],[0,-1.657],[0,0]],"o":[[0,0],[-1.657,0],[0,0],[0,-1.657],[0,0],[1.657,0],[0,0],[0,1.657]],"v":[[9,-18],[-9,-18],[-12,-21],[-12,-51],[-9,-54],[9,-54],[12,-51],[12,-21]],"c":true}]},{"i":{"x":0.15,"y":1},"o":{"x":0.6,"y":0},"t":200,"s":[{"i":[[1.657,0],[0,0],[0,1.657],[0,0],[-1.657,0],[0,0],[0,-1.657],[0,0]],"o":[[0,0],[-1.657,0],[0,0],[0,-1.657],[0,0],[1.657,0],[0,0],[0,1.657]],"v":[[9,-18],[-9,-18],[-12,-21],[-12,-51],[-9,-54],[9,-54],[12,-51],[12,-21]],"c":true}]},{"t":230,"s":[{"i":[[1.657,0],[0,0],[0,1.657],[0,0],[-1.657,0],[0,0],[0,-1.657],[0,0]],"o":[[0,0],[-1.657,0],[0,0],[0,-1.657],[0,0],[1.657,0],[0,0],[0,1.657]],"v":[[9,-58],[-9,-58],[-12,-61],[-12,-61],[-9,-64],[9,-64],[12,-61],[12,-61]],"c":true}]}],"ix":2},"nm":"Path 1","mn":"ADBE Vector Shape - Group","hd":false},{"ty":"fl","c":{"a":0,"k":[0,0,0,1],"ix":4},"o":{"a":0,"k":100,"ix":5},"r":1,"bm":0,"nm":"Fill 1","mn":"ADBE Vector Graphic - Fill","hd":false},{"ty":"tr","p":{"a":0,"k":[113,152],"ix":2},"a":{"a":0,"k":[0,0],"ix":1},"s":{"a":0,"k":[100,100],"ix":3},"r":{"a":0,"k":0,"ix":6},"o":{"a":0,"k":100,"ix":7},"sk":{"a":0,"k":0,"ix":4},"sa":{"a":0,"k":0,"ix":5},"nm":"Transform"}],"nm":"Panel 10","np":2,"cix":2,"bm":0,"ix":1,"mn":"ADBE Vector Group","hd":false}],"ip":0,"op":230,"st":-15,"bm":0},{"ddd":0,"ind":8,"ty":4,"nm":"Panel 9","sr":1,"ks":{"o":{"a":1,"k":[{"i":{"x":[0.15],"y":[1]},"o":{"x":[0.6],"y":[0]},"t":88,"s":[0]},{"i":{"x":[0.833],"y":[1]},"o":{"x":[0.167],"y":[0]},"t":103,"s":[100]},{"i":{"x":[0.15],"y":[1]},"o":{"x":[0.6],"y":[0]},"t":172,"s":[100]},{"t":187,"s":[0]}],"ix":11},"r":{"a":0,"k":0,"ix":10},"p":{"a":0,"k":[113,165,0],"ix":2},"a":{"a":0,"k":[113,165,0],"ix":1},"s":{"a":0,"k":[100,100,100],"ix":6}},"ao":0,"shapes":[{"ty":"gr","it":[{"ind":0,"ty":"sh","ix":1,"ks":{"a":1,"k":[{"i":{"x":0.15,"y":1},"o":{"x":0.6,"y":0},"t":88,"s":[{"i":[[1.657,0],[0,0],[0,1.657],[0,0],[-1.657,0],[0,0],[0,-1.657],[0,0]],"o":[[0,0],[-1.657,0],[0,0],[0,-1.657],[0,0],[1.657,0],[0,0],[0,1.657]],"v":[[9,16],[-9,16],[-12,13],[-12,13],[-9,10],[9,10],[12,13],[12,13]],"c":true}]},{"i":{"x":0.833,"y":1},"o":{"x":0.167,"y":0},"t":118,"s":[{"i":[[1.657,0],[0,0],[0,1.657],[0,0],[-1.657,0],[0,0],[0,-1.657],[0,0]],"o":[[0,0],[-1.657,0],[0,0],[0,-1.657],[0,0],[1.657,0],[0,0],[0,1.657]],"v":[[9,6],[-9,6],[-12,3],[-12,-3],[-9,-6],[9,-6],[12,-3],[12,3]],"c":true}]},{"i":{"x":0.15,"y":1},"o":{"x":0.6,"y":0},"t":124,"s":[{"i":[[1.657,0],[0,0],[0,1.657],[0,0],[-1.657,0],[0,0],[0,-1.657],[0,0]],"o":[[0,0],[-1.657,0],[0,0],[0,-1.657],[0,0],[1.657,0],[0,0],[0,1.657]],"v":[[9,6],[-9,6],[-12,3],[-12,-3],[-9,-6],[9,-6],[12,-3],[12,3]],"c":true}]},{"i":{"x":0.833,"y":1},"o":{"x":0.167,"y":0},"t":154,"s":[{"i":[[1.657,0],[0,0],[0,1.657],[0,0],[-1.657,0],[0,0],[0,-1.657],[0,0]],"o":[[0,0],[-1.657,0],[0,0],[0,-1.657],[0,0],[1.657,0],[0,0],[0,1.657]],"v":[[9,-12],[-9,-12],[-12,-15],[-12,-27],[-9,-30],[9,-30],[12,-27],[12,-15]],"c":true}]},{"i":{"x":0.15,"y":1},"o":{"x":0.6,"y":0},"t":162,"s":[{"i":[[1.657,0],[0,0],[0,1.657],[0,0],[-1.657,0],[0,0],[0,-1.657],[0,0]],"o":[[0,0],[-1.657,0],[0,0],[0,-1.657],[0,0],[1.657,0],[0,0],[0,1.657]],"v":[[9,-12],[-9,-12],[-12,-15],[-12,-27],[-9,-30],[9,-30],[12,-27],[12,-15]],"c":true}]},{"t":194,"s":[{"i":[[1.657,0],[0,0],[0,1.657],[0,0],[-1.657,0],[0,0],[0,-1.657],[0,0]],"o":[[0,0],[-1.657,0],[0,0],[0,-1.657],[0,0],[1.657,0],[0,0],[0,1.657]],"v":[[9,-58],[-9,-58],[-12,-61],[-12,-61],[-9,-64],[9,-64],[12,-61],[12,-61]],"c":true}]}],"ix":2},"nm":"Path 1","mn":"ADBE Vector Shape - Group","hd":false},{"ty":"fl","c":{"a":0,"k":[0,0,0,1],"ix":4},"o":{"a":0,"k":100,"ix":5},"r":1,"bm":0,"nm":"Fill 1","mn":"ADBE Vector Graphic - Fill","hd":false},{"ty":"tr","p":{"a":0,"k":[113,152],"ix":2},"a":{"a":0,"k":[0,0],"ix":1},"s":{"a":0,"k":[100,100],"ix":3},"r":{"a":0,"k":0,"ix":6},"o":{"a":0,"k":100,"ix":7},"sk":{"a":0,"k":0,"ix":4},"sa":{"a":0,"k":0,"ix":5},"nm":"Transform"}],"nm":"Panel 8","np":2,"cix":2,"bm":0,"ix":1,"mn":"ADBE Vector Group","hd":false}],"ip":0,"op":192,"st":-15,"bm":0},{"ddd":0,"ind":9,"ty":4,"nm":"Panel 8","sr":1,"ks":{"o":{"a":1,"k":[{"i":{"x":[0.15],"y":[1]},"o":{"x":[0.6],"y":[0]},"t":83,"s":[0]},{"i":{"x":[0.833],"y":[1]},"o":{"x":[0.167],"y":[0]},"t":98,"s":[100]},{"i":{"x":[0.15],"y":[1]},"o":{"x":[0.6],"y":[0]},"t":170,"s":[100]},{"t":185,"s":[0]}],"ix":11},"r":{"a":0,"k":0,"ix":10},"p":{"a":0,"k":[113,165,0],"ix":2},"a":{"a":0,"k":[113,165,0],"ix":1},"s":{"a":0,"k":[100,100,100],"ix":6}},"ao":0,"shapes":[{"ty":"gr","it":[{"ind":0,"ty":"sh","ix":1,"ks":{"a":1,"k":[{"i":{"x":0.15,"y":1},"o":{"x":0.6,"y":0},"t":83,"s":[{"i":[[1.657,0],[0,0],[0,1.657],[0,0],[-1.657,0],[0,0],[0,-1.657],[0,0]],"o":[[0,0],[-1.657,0],[0,0],[0,-1.657],[0,0],[1.657,0],[0,0],[0,1.657]],"v":[[9,16],[-9,16],[-12,13],[-12,13],[-9,10],[9,10],[12,13],[12,13]],"c":true}]},{"i":{"x":0.833,"y":1},"o":{"x":0.167,"y":0},"t":113,"s":[{"i":[[1.657,0],[0,0],[0,1.657],[0,0],[-1.657,0],[0,0],[0,-1.657],[0,0]],"o":[[0,0],[-1.657,0],[0,0],[0,-1.657],[0,0],[1.657,0],[0,0],[0,1.657]],"v":[[9,-12],[-9,-12],[-12,-15],[-12,-27],[-9,-30],[9,-30],[12,-27],[12,-15]],"c":true}]},{"i":{"x":0.15,"y":1},"o":{"x":0.6,"y":0},"t":122,"s":[{"i":[[1.657,0],[0,0],[0,1.657],[0,0],[-1.657,0],[0,0],[0,-1.657],[0,0]],"o":[[0,0],[-1.657,0],[0,0],[0,-1.657],[0,0],[1.657,0],[0,0],[0,1.657]],"v":[[9,-12],[-9,-12],[-12,-15],[-12,-27],[-9,-30],[9,-30],[12,-27],[12,-15]],"c":true}]},{"i":{"x":0.833,"y":1},"o":{"x":0.167,"y":0},"t":152,"s":[{"i":[[1.657,0],[0,0],[0,1.657],[0,0],[-1.657,0],[0,0],[0,-1.657],[0,0]],"o":[[0,0],[-1.657,0],[0,0],[0,-1.657],[0,0],[1.657,0],[0,0],[0,1.657]],"v":[[9,-36],[-9,-36],[-12,-39],[-12,-51],[-9,-54],[9,-54],[12,-51],[12,-39]],"c":true}]},{"i":{"x":0.15,"y":1},"o":{"x":0.6,"y":0},"t":160,"s":[{"i":[[1.657,0],[0,0],[0,1.657],[0,0],[-1.657,0],[0,0],[0,-1.657],[0,0]],"o":[[0,0],[-1.657,0],[0,0],[0,-1.657],[0,0],[1.657,0],[0,0],[0,1.657]],"v":[[9,-36],[-9,-36],[-12,-39],[-12,-51],[-9,-54],[9,-54],[12,-51],[12,-39]],"c":true}]},{"t":187,"s":[{"i":[[1.657,0],[0,0],[0,1.657],[0,0],[-1.657,0],[0,0],[0,-1.657],[0,0]],"o":[[0,0],[-1.657,0],[0,0],[0,-1.657],[0,0],[1.657,0],[0,0],[0,1.657]],"v":[[9,-58],[-9,-58],[-12,-61],[-12,-61],[-9,-64],[9,-64],[12,-61],[12,-61]],"c":true}]}],"ix":2},"nm":"Path 1","mn":"ADBE Vector Shape - Group","hd":false},{"ty":"fl","c":{"a":0,"k":[0,0,0,1],"ix":4},"o":{"a":0,"k":100,"ix":5},"r":1,"bm":0,"nm":"Fill 1","mn":"ADBE Vector Graphic - Fill","hd":false},{"ty":"tr","p":{"a":0,"k":[113,152],"ix":2},"a":{"a":0,"k":[0,0],"ix":1},"s":{"a":0,"k":[100,100],"ix":3},"r":{"a":0,"k":0,"ix":6},"o":{"a":0,"k":100,"ix":7},"sk":{"a":0,"k":0,"ix":4},"sa":{"a":0,"k":0,"ix":5},"nm":"Transform"}],"nm":"Panel 8","np":2,"cix":2,"bm":0,"ix":1,"mn":"ADBE Vector Group","hd":false}],"ip":0,"op":190,"st":-15,"bm":0},{"ddd":0,"ind":10,"ty":4,"nm":"Panel 7","sr":1,"ks":{"o":{"a":1,"k":[{"i":{"x":[0.15],"y":[1]},"o":{"x":[0.6],"y":[0]},"t":83,"s":[0]},{"i":{"x":[0.833],"y":[1]},"o":{"x":[0.157],"y":[0]},"t":98,"s":[100]},{"i":{"x":[0.15],"y":[1]},"o":{"x":[0.6],"y":[0]},"t":170,"s":[100]},{"t":185,"s":[0]}],"ix":11},"r":{"a":0,"k":0,"ix":10},"p":{"a":0,"k":[143,165.047,0],"ix":2},"a":{"a":0,"k":[143,165.047,0],"ix":1},"s":{"a":0,"k":[100,100,100],"ix":6}},"ao":0,"shapes":[{"ty":"gr","it":[{"ind":0,"ty":"sh","ix":1,"ks":{"a":1,"k":[{"i":{"x":0.15,"y":1},"o":{"x":0.6,"y":0},"t":83,"s":[{"i":[[1.657,0],[0,0],[0,1.657],[0,0],[-1.657,0],[0,0],[0,-1.657],[0,0]],"o":[[0,0],[-1.657,0],[0,0],[0,-1.657],[0,0],[1.657,0],[0,0],[0,1.657]],"v":[[9,64.031],[-9,64.031],[-12,61.031],[-12,61.062],[-9,58.062],[9,58.062],[12,61.062],[12,61.031]],"c":true}]},{"i":{"x":0.833,"y":1},"o":{"x":0.167,"y":0},"t":113,"s":[{"i":[[1.657,0],[0,0],[0,1.657],[0,0],[-1.657,0],[0,0],[0,-1.657],[0,0]],"o":[[0,0],[-1.657,0],[0,0],[0,-1.657],[0,0],[1.657,0],[0,0],[0,1.657]],"v":[[9,54],[-9,54],[-12,51],[-12,21],[-9,18],[9,18],[12,21],[12,51]],"c":true}]},{"i":{"x":0.15,"y":1},"o":{"x":0.6,"y":0},"t":122,"s":[{"i":[[1.657,0],[0,0],[0,1.657],[0,0],[-1.657,0],[0,0],[0,-1.657],[0,0]],"o":[[0,0],[-1.657,0],[0,0],[0,-1.657],[0,0],[1.657,0],[0,0],[0,1.657]],"v":[[9,54],[-9,54],[-12,51],[-12,21],[-9,18],[9,18],[12,21],[12,51]],"c":true}]},{"i":{"x":0.833,"y":1},"o":{"x":0.167,"y":0},"t":152,"s":[{"i":[[1.657,0],[0,0],[0,1.657],[0,0],[-1.657,0],[0,0],[0,-1.657],[0,0]],"o":[[0,0],[-1.657,0],[0,0],[0,-1.657],[0,0],[1.657,0],[0,0],[0,1.657]],"v":[[9,6],[-9,6],[-12,3],[-12,-3],[-9,-6],[9,-6],[12,-3],[12,3]],"c":true}]},{"i":{"x":0.15,"y":1},"o":{"x":0.6,"y":0},"t":160,"s":[{"i":[[1.657,0],[0,0],[0,1.657],[0,0],[-1.657,0],[0,0],[0,-1.657],[0,0]],"o":[[0,0],[-1.657,0],[0,0],[0,-1.657],[0,0],[1.657,0],[0,0],[0,1.657]],"v":[[9,6],[-9,6],[-12,3],[-12,-3],[-9,-6],[9,-6],[12,-3],[12,3]],"c":true}]},{"t":187,"s":[{"i":[[1.657,0],[0,0],[0,1.657],[0,0],[-1.657,0],[0,0],[0,-1.657],[0,0]],"o":[[0,0],[-1.657,0],[0,0],[0,-1.657],[0,0],[1.657,0],[0,0],[0,1.657]],"v":[[9,-9.953],[-9,-9.953],[-12,-12.953],[-12,-12.922],[-9,-15.922],[9,-15.922],[12,-12.922],[12,-12.953]],"c":true}]}],"ix":2},"nm":"Path 1","mn":"ADBE Vector Shape - Group","hd":false},{"ty":"fl","c":{"a":0,"k":[0,0,0,1],"ix":4},"o":{"a":0,"k":100,"ix":5},"r":1,"bm":0,"nm":"Fill 1","mn":"ADBE Vector Graphic - Fill","hd":false},{"ty":"tr","p":{"a":0,"k":[143,104],"ix":2},"a":{"a":0,"k":[0,0],"ix":1},"s":{"a":0,"k":[100,100],"ix":3},"r":{"a":0,"k":0,"ix":6},"o":{"a":0,"k":100,"ix":7},"sk":{"a":0,"k":0,"ix":4},"sa":{"a":0,"k":0,"ix":5},"nm":"Transform"}],"nm":"Panel 5","np":2,"cix":2,"bm":0,"ix":1,"mn":"ADBE Vector Group","hd":false}],"ip":0,"op":190,"st":-15,"bm":0},{"ddd":0,"ind":11,"ty":4,"nm":"Panel 6","sr":1,"ks":{"o":{"a":1,"k":[{"i":{"x":[0.15],"y":[1]},"o":{"x":[0.6],"y":[0]},"t":44,"s":[0]},{"i":{"x":[0.833],"y":[1]},"o":{"x":[0.167],"y":[0]},"t":59,"s":[100]},{"i":{"x":[0.15],"y":[1]},"o":{"x":[0.6],"y":[0]},"t":130,"s":[100]},{"t":145,"s":[0]}],"ix":11},"r":{"a":0,"k":0,"ix":10},"p":{"a":0,"k":[128,128,0],"ix":2},"a":{"a":0,"k":[128,128,0],"ix":1},"s":{"a":0,"k":[100,100,100],"ix":6}},"ao":0,"shapes":[{"ty":"gr","it":[{"ind":0,"ty":"sh","ix":1,"ks":{"a":1,"k":[{"i":{"x":0.15,"y":1},"o":{"x":0.6,"y":0},"t":44,"s":[{"i":[[1.657,0],[0,0],[0,1.657],[0,0],[-1.657,0],[0,0],[0,-1.657],[0,0]],"o":[[0,0],[-1.657,0],[0,0],[0,-1.657],[0,0],[1.657,0],[0,0],[0,1.657]],"v":[[24,28],[-24,28],[-27,25],[-27,25],[-24,22],[24,22],[27,25],[27,25]],"c":true}]},{"i":{"x":0.833,"y":1},"o":{"x":0.167,"y":0},"t":74,"s":[{"i":[[1.657,0],[0,0],[0,1.657],[0,0],[-1.657,0],[0,0],[0,-1.657],[0,0]],"o":[[0,0],[-1.657,0],[0,0],[0,-1.657],[0,0],[1.657,0],[0,0],[0,1.657]],"v":[[24,18],[-24,18],[-27,15],[-27,-15],[-24,-18],[24,-18],[27,-15],[27,15]],"c":true}]},{"i":{"x":0.15,"y":1},"o":{"x":0.6,"y":0},"t":81,"s":[{"i":[[1.657,0],[0,0],[0,1.657],[0,0],[-1.657,0],[0,0],[0,-1.657],[0,0]],"o":[[0,0],[-1.657,0],[0,0],[0,-1.657],[0,0],[1.657,0],[0,0],[0,1.657]],"v":[[24,18],[-24,18],[-27,15],[-27,-15],[-24,-18],[24,-18],[27,-15],[27,15]],"c":true}]},{"i":{"x":0.833,"y":1},"o":{"x":0.167,"y":0},"t":111,"s":[{"i":[[1.657,0],[0,0],[0,1.657],[0,0],[-1.657,0],[0,0],[0,-1.657],[0,0]],"o":[[0,0],[-1.657,0],[0,0],[0,-1.657],[0,0],[1.657,0],[0,0],[0,1.657]],"v":[[24,-24],[-24,-24],[-27,-27],[-27,-39],[-24,-42],[24,-42],[27,-39],[27,-27]],"c":true}]},{"i":{"x":0.15,"y":1},"o":{"x":0.6,"y":0},"t":120,"s":[{"i":[[1.657,0],[0,0],[0,1.657],[0,0],[-1.657,0],[0,0],[0,-1.657],[0,0]],"o":[[0,0],[-1.657,0],[0,0],[0,-1.657],[0,0],[1.657,0],[0,0],[0,1.657]],"v":[[24,-24],[-24,-24],[-27,-27],[-27,-39],[-24,-42],[24,-42],[27,-39],[27,-27]],"c":true}]},{"t":150,"s":[{"i":[[1.657,0],[0,0],[0,1.657],[0,0],[-1.657,0],[0,0],[0,-1.657],[0,0]],"o":[[0,0],[-1.657,0],[0,0],[0,-1.657],[0,0],[1.657,0],[0,0],[0,1.657]],"v":[[24,-45.984],[-24,-45.984],[-27,-48.984],[-27,-48.984],[-24,-51.984],[24,-51.984],[27,-48.984],[27,-48.984]],"c":true}]}],"ix":2},"nm":"Path 1","mn":"ADBE Vector Shape - Group","hd":false},{"ty":"fl","c":{"a":0,"k":[0,0,0,1],"ix":4},"o":{"a":0,"k":100,"ix":5},"r":1,"bm":0,"nm":"Fill 1","mn":"ADBE Vector Graphic - Fill","hd":false},{"ty":"tr","p":{"a":0,"k":[128,140],"ix":2},"a":{"a":0,"k":[0,0],"ix":1},"s":{"a":0,"k":[100,100],"ix":3},"r":{"a":0,"k":0,"ix":6},"o":{"a":0,"k":100,"ix":7},"sk":{"a":0,"k":0,"ix":4},"sa":{"a":0,"k":0,"ix":5},"nm":"Transform"}],"nm":"Panel 6","np":2,"cix":2,"bm":0,"ix":1,"mn":"ADBE Vector Group","hd":false}],"ip":0,"op":150,"st":-15,"bm":0},{"ddd":0,"ind":12,"ty":4,"nm":"Panel 5","sr":1,"ks":{"o":{"a":1,"k":[{"i":{"x":[0.15],"y":[1]},"o":{"x":[0.6],"y":[0]},"t":4,"s":[0]},{"i":{"x":[0.833],"y":[1]},"o":{"x":[0.167],"y":[0]},"t":19,"s":[100]},{"i":{"x":[0.15],"y":[1]},"o":{"x":[0.6],"y":[0]},"t":90,"s":[100]},{"t":105,"s":[0]}],"ix":11},"r":{"a":0,"k":0,"ix":10},"p":{"a":0,"k":[143,165.047,0],"ix":2},"a":{"a":0,"k":[143,165.047,0],"ix":1},"s":{"a":0,"k":[100,100,100],"ix":6}},"ao":0,"shapes":[{"ty":"gr","it":[{"ind":0,"ty":"sh","ix":1,"ks":{"a":1,"k":[{"i":{"x":0.15,"y":1},"o":{"x":0.6,"y":0},"t":4,"s":[{"i":[[1.657,0],[0,0],[0,1.657],[0,0],[-1.657,0],[0,0],[0,-1.657],[0,0]],"o":[[0,0],[-1.657,0],[0,0],[0,-1.657],[0,0],[1.657,0],[0,0],[0,1.657]],"v":[[9,64.031],[-9,64.031],[-12,61.031],[-12,61.062],[-9,58.062],[9,58.062],[12,61.062],[12,61.031]],"c":true}]},{"i":{"x":0.833,"y":1},"o":{"x":0.167,"y":0},"t":34,"s":[{"i":[[1.657,0],[0,0],[0,1.657],[0,0],[-1.657,0],[0,0],[0,-1.657],[0,0]],"o":[[0,0],[-1.657,0],[0,0],[0,-1.657],[0,0],[1.657,0],[0,0],[0,1.657]],"v":[[9,54],[-9,54],[-12,51],[-12,45.016],[-9,42.016],[9,42.016],[12,45.016],[12,51]],"c":true}]},{"i":{"x":0.15,"y":1},"o":{"x":0.6,"y":0},"t":42,"s":[{"i":[[1.657,0],[0,0],[0,1.657],[0,0],[-1.657,0],[0,0],[0,-1.657],[0,0]],"o":[[0,0],[-1.657,0],[0,0],[0,-1.657],[0,0],[1.657,0],[0,0],[0,1.657]],"v":[[9,54],[-9,54],[-12,51],[-12,45.016],[-9,42.016],[9,42.016],[12,45.016],[12,51]],"c":true}]},{"i":{"x":0.833,"y":1},"o":{"x":0.167,"y":0},"t":72,"s":[{"i":[[1.657,0],[0,0],[0,1.657],[0,0],[-1.657,0],[0,0],[0,-1.657],[0,0]],"o":[[0,0],[-1.657,0],[0,0],[0,-1.657],[0,0],[1.657,0],[0,0],[0,1.657]],"v":[[9,12],[-9,12],[-12,9],[-12,-3],[-9,-6],[9,-6],[12,-3],[12,9]],"c":true}]},{"i":{"x":0.15,"y":1},"o":{"x":0.6,"y":0},"t":80,"s":[{"i":[[1.657,0],[0,0],[0,1.657],[0,0],[-1.657,0],[0,0],[0,-1.657],[0,0]],"o":[[0,0],[-1.657,0],[0,0],[0,-1.657],[0,0],[1.657,0],[0,0],[0,1.657]],"v":[[9,12],[-9,12],[-12,9],[-12,-3],[-9,-6],[9,-6],[12,-3],[12,9]],"c":true}]},{"t":110,"s":[{"i":[[1.657,0],[0,0],[0,1.657],[0,0],[-1.657,0],[0,0],[0,-1.657],[0,0]],"o":[[0,0],[-1.657,0],[0,0],[0,-1.657],[0,0],[1.657,0],[0,0],[0,1.657]],"v":[[9,-9.953],[-9,-9.953],[-12,-12.953],[-12,-12.922],[-9,-15.922],[9,-15.922],[12,-12.922],[12,-12.953]],"c":true}]}],"ix":2},"nm":"Path 1","mn":"ADBE Vector Shape - Group","hd":false},{"ty":"fl","c":{"a":0,"k":[0,0,0,1],"ix":4},"o":{"a":0,"k":100,"ix":5},"r":1,"bm":0,"nm":"Fill 1","mn":"ADBE Vector Graphic - Fill","hd":false},{"ty":"tr","p":{"a":0,"k":[143,104],"ix":2},"a":{"a":0,"k":[0,0],"ix":1},"s":{"a":0,"k":[100,100],"ix":3},"r":{"a":0,"k":0,"ix":6},"o":{"a":0,"k":100,"ix":7},"sk":{"a":0,"k":0,"ix":4},"sa":{"a":0,"k":0,"ix":5},"nm":"Transform"}],"nm":"Panel 5","np":2,"cix":2,"bm":0,"ix":1,"mn":"ADBE Vector Group","hd":false}],"ip":0,"op":110,"st":-15,"bm":0},{"ddd":0,"ind":13,"ty":4,"nm":"Panel 4","sr":1,"ks":{"o":{"a":1,"k":[{"i":{"x":[0.15],"y":[1]},"o":{"x":[0.6],"y":[0]},"t":50,"s":[100]},{"t":65,"s":[0]}],"ix":11},"r":{"a":0,"k":0,"ix":10},"p":{"s":true,"x":{"a":0,"k":143,"ix":3},"y":{"a":0,"k":137,"ix":4}},"a":{"a":0,"k":[143,137,0],"ix":1},"s":{"a":0,"k":[100,100,100],"ix":6}},"ao":0,"shapes":[{"ty":"gr","it":[{"ind":0,"ty":"sh","ix":1,"ks":{"a":1,"k":[{"i":{"x":0.15,"y":1},"o":{"x":0.6,"y":0},"t":2,"s":[{"i":[[1.657,0],[0,0],[0,1.657],[0,0],[-1.657,0],[0,0],[0,-1.657],[0,0]],"o":[[0,0],[-1.657,0],[0,0],[0,-1.657],[0,0],[1.657,0],[0,0],[0,1.657]],"v":[[9,21],[-9,21],[-12,18],[-12,-18],[-9,-21],[9,-21],[12,-18],[12,18]],"c":true}]},{"i":{"x":0.833,"y":1},"o":{"x":0.167,"y":0},"t":32,"s":[{"i":[[1.657,0],[0,0],[0,1.657],[0,0],[-1.657,0],[0,0],[0,-1.657],[0,0]],"o":[[0,0],[-1.657,0],[0,0],[0,-1.657],[0,0],[1.657,0],[0,0],[0,1.657]],"v":[[9,3],[-9,3],[-12,0],[-12,-36],[-9,-39],[9,-39],[12,-36],[12,0]],"c":true}]},{"i":{"x":0.15,"y":1},"o":{"x":0.6,"y":0},"t":40,"s":[{"i":[[1.657,0],[0,0],[0,1.657],[0,0],[-1.657,0],[0,0],[0,-1.657],[0,0]],"o":[[0,0],[-1.657,0],[0,0],[0,-1.657],[0,0],[1.657,0],[0,0],[0,1.657]],"v":[[9,3],[-9,3],[-12,0],[-12,-36],[-9,-39],[9,-39],[12,-36],[12,0]],"c":true}]},{"t":70,"s":[{"i":[[1.657,0],[0,0],[0,1.657],[0,0],[-1.657,0],[0,0],[0,-1.657],[0,0]],"o":[[0,0],[-1.657,0],[0,0],[0,-1.657],[0,0],[1.657,0],[0,0],[0,1.657]],"v":[[9,-42.953],[-9,-42.953],[-12,-45.953],[-12,-45.922],[-9,-48.922],[9,-48.922],[12,-45.922],[12,-45.953]],"c":true}]}],"ix":2},"nm":"Path 1","mn":"ADBE Vector Shape - Group","hd":false},{"ty":"fl","c":{"a":0,"k":[0,0,0,1],"ix":4},"o":{"a":0,"k":100,"ix":5},"r":1,"bm":0,"nm":"Fill 1","mn":"ADBE Vector Graphic - Fill","hd":false},{"ty":"tr","p":{"a":0,"k":[143,137],"ix":2},"a":{"a":0,"k":[0,0],"ix":1},"s":{"a":0,"k":[100,100],"ix":3},"r":{"a":0,"k":0,"ix":6},"o":{"a":0,"k":100,"ix":7},"sk":{"a":0,"k":0,"ix":4},"sa":{"a":0,"k":0,"ix":5},"nm":"Transform"}],"nm":"Panel 4","np":2,"cix":2,"bm":0,"ix":1,"mn":"ADBE Vector Group","hd":false}],"ip":0,"op":70,"st":-15,"bm":0},{"ddd":0,"ind":14,"ty":4,"nm":"Panel 3","sr":1,"ks":{"o":{"a":1,"k":[{"i":{"x":[0.15],"y":[1]},"o":{"x":[0.6],"y":[0]},"t":90,"s":[100]},{"t":105,"s":[0]}],"ix":11},"r":{"a":0,"k":0,"ix":10},"p":{"s":true,"x":{"a":0,"k":113,"ix":3},"y":{"a":0,"k":152,"ix":4}},"a":{"a":0,"k":[113,152,0],"ix":1},"s":{"a":0,"k":[100,100,100],"ix":6}},"ao":0,"shapes":[{"ty":"gr","it":[{"ind":0,"ty":"sh","ix":1,"ks":{"a":1,"k":[{"i":{"x":0.15,"y":1},"o":{"x":0.6,"y":0},"t":2,"s":[{"i":[[1.657,0],[0,0],[0,1.657],[0,0],[-1.657,0],[0,0],[0,-1.657],[0,0]],"o":[[0,0],[-1.657,0],[0,0],[0,-1.657],[0,0],[1.657,0],[0,0],[0,1.657]],"v":[[9,6],[-9,6],[-12,3],[-12,-3],[-9,-6],[9,-6],[12,-3],[12,3]],"c":true}]},{"i":{"x":0.833,"y":1},"o":{"x":0.167,"y":0},"t":32,"s":[{"i":[[1.657,0],[0,0],[0,1.657],[0,0],[-1.657,0],[0,0],[0,-1.657],[0,0]],"o":[[0,0],[-1.657,0],[0,0],[0,-1.657],[0,0],[1.657,0],[0,0],[0,1.657]],"v":[[9,6],[-9,6],[-12,3],[-12,-33],[-9,-36],[9,-36],[12,-33],[12,3]],"c":true}]},{"i":{"x":0.15,"y":1},"o":{"x":0.6,"y":0},"t":42,"s":[{"i":[[1.657,0],[0,0],[0,1.657],[0,0],[-1.657,0],[0,0],[0,-1.657],[0,0]],"o":[[0,0],[-1.657,0],[0,0],[0,-1.657],[0,0],[1.657,0],[0,0],[0,1.657]],"v":[[9,6],[-9,6],[-12,3],[-12,-33],[-9,-36],[9,-36],[12,-33],[12,3]],"c":true}]},{"i":{"x":0.833,"y":1},"o":{"x":0.167,"y":0},"t":72,"s":[{"i":[[1.657,0],[0,0],[0,1.657],[0,0],[-1.657,0],[0,0],[0,-1.657],[0,0]],"o":[[0,0],[-1.657,0],[0,0],[0,-1.657],[0,0],[1.657,0],[0,0],[0,1.657]],"v":[[9,-36],[-9,-36],[-12,-39],[-12,-50.984],[-9,-53.984],[9,-53.984],[12,-50.984],[12,-39]],"c":true}]},{"i":{"x":0.15,"y":1},"o":{"x":0.6,"y":0},"t":80,"s":[{"i":[[1.657,0],[0,0],[0,1.657],[0,0],[-1.657,0],[0,0],[0,-1.657],[0,0]],"o":[[0,0],[-1.657,0],[0,0],[0,-1.657],[0,0],[1.657,0],[0,0],[0,1.657]],"v":[[9,-36],[-9,-36],[-12,-39],[-12,-50.984],[-9,-53.984],[9,-53.984],[12,-50.984],[12,-39]],"c":true}]},{"t":110,"s":[{"i":[[1.657,0],[0,0],[0,1.657],[0,0],[-1.657,0],[0,0],[0,-1.657],[0,0]],"o":[[0,0],[-1.657,0],[0,0],[0,-1.657],[0,0],[1.657,0],[0,0],[0,1.657]],"v":[[9,-58],[-9,-58],[-12,-61],[-12,-61],[-9,-64],[9,-64],[12,-61],[12,-61]],"c":true}]}],"ix":2},"nm":"Path 1","mn":"ADBE Vector Shape - Group","hd":false},{"ty":"fl","c":{"a":0,"k":[0,0,0,1],"ix":4},"o":{"a":0,"k":100,"ix":5},"r":1,"bm":0,"nm":"Fill 1","mn":"ADBE Vector Graphic - Fill","hd":false},{"ty":"tr","p":{"a":0,"k":[113,152],"ix":2},"a":{"a":0,"k":[0,0],"ix":1},"s":{"a":0,"k":[100,100],"ix":3},"r":{"a":0,"k":0,"ix":6},"o":{"a":0,"k":100,"ix":7},"sk":{"a":0,"k":0,"ix":4},"sa":{"a":0,"k":0,"ix":5},"nm":"Transform"}],"nm":"Panel 3","np":2,"cix":2,"bm":0,"ix":1,"mn":"ADBE Vector Group","hd":false}],"ip":0,"op":110,"st":-15,"bm":0},{"ddd":0,"ind":15,"ty":4,"nm":"Panel 2","sr":1,"ks":{"o":{"a":1,"k":[{"i":{"x":[0.15],"y":[1]},"o":{"x":[0.6],"y":[0]},"t":10,"s":[100]},{"t":25,"s":[0]}],"ix":11},"r":{"a":0,"k":0,"ix":10},"p":{"s":true,"x":{"a":0,"k":143,"ix":3},"y":{"a":0,"k":104,"ix":4}},"a":{"a":0,"k":[143,104,0],"ix":1},"s":{"a":0,"k":[100,100,100],"ix":6}},"ao":0,"shapes":[{"ty":"gr","it":[{"ind":0,"ty":"sh","ix":1,"ks":{"a":1,"k":[{"i":{"x":0.15,"y":1},"o":{"x":0.6,"y":0},"t":0,"s":[{"i":[[1.657,0],[0,0],[0,1.657],[0,0],[-1.657,0],[0,0],[0,-1.657],[0,0]],"o":[[0,0],[-1.657,0],[0,0],[0,-1.657],[0,0],[1.657,0],[0,0],[0,1.657]],"v":[[9,6],[-9,6],[-12,3],[-12,-3],[-9,-6],[9,-6],[12,-3],[12,3]],"c":true}]},{"t":30,"s":[{"i":[[1.657,0],[0,0],[0,1.657],[0,0],[-1.657,0],[0,0],[0,-1.657],[0,0]],"o":[[0,0],[-1.657,0],[0,0],[0,-1.657],[0,0],[1.657,0],[0,0],[0,1.657]],"v":[[9,-9.953],[-9,-9.953],[-12,-12.953],[-12,-12.922],[-9,-15.922],[9,-15.922],[12,-12.922],[12,-12.953]],"c":true}]}],"ix":2},"nm":"Path 1","mn":"ADBE Vector Shape - Group","hd":false},{"ty":"fl","c":{"a":0,"k":[0,0,0,1],"ix":4},"o":{"a":0,"k":100,"ix":5},"r":1,"bm":0,"nm":"Fill 1","mn":"ADBE Vector Graphic - Fill","hd":false},{"ty":"tr","p":{"a":0,"k":[143,104],"ix":2},"a":{"a":0,"k":[0,0],"ix":1},"s":{"a":0,"k":[100,100],"ix":3},"r":{"a":0,"k":0,"ix":6},"o":{"a":0,"k":100,"ix":7},"sk":{"a":0,"k":0,"ix":4},"sa":{"a":0,"k":0,"ix":5},"nm":"Transform"}],"nm":"Panel 2","np":2,"cix":2,"bm":0,"ix":1,"mn":"ADBE Vector Group","hd":false}],"ip":0,"op":35,"st":-15,"bm":0},{"ddd":0,"ind":16,"ty":4,"nm":"Panel 1","sr":1,"ks":{"o":{"a":1,"k":[{"i":{"x":[0.15],"y":[1]},"o":{"x":[0.6],"y":[0]},"t":50,"s":[100]},{"t":65,"s":[0]}],"ix":11},"r":{"a":0,"k":0,"ix":10},"p":{"s":true,"x":{"a":0,"k":113,"ix":3},"y":{"a":0,"k":119,"ix":4}},"a":{"a":0,"k":[113,119,0],"ix":1},"s":{"a":0,"k":[100,100,100],"ix":6}},"ao":0,"shapes":[{"ty":"gr","it":[{"ind":0,"ty":"sh","ix":1,"ks":{"a":1,"k":[{"i":{"x":0.15,"y":1},"o":{"x":0.6,"y":0},"t":0,"s":[{"i":[[1.657,0],[0,0],[0,1.657],[0,0],[-1.657,0],[0,0],[0,-1.657],[0,0]],"o":[[0,0],[-1.657,0],[0,0],[0,-1.657],[0,0],[1.657,0],[0,0],[0,1.657]],"v":[[9,21],[-9,21],[-12,18],[-12,-18],[-9,-21],[9,-21],[12,-18],[12,18]],"c":true}]},{"i":{"x":0.833,"y":1},"o":{"x":0.35,"y":0},"t":30,"s":[{"i":[[1.657,0],[0,0],[0,1.657],[0,0],[-1.657,0],[0,0],[0,-1.657],[0,0]],"o":[[0,0],[-1.657,0],[0,0],[0,-1.657],[0,0],[1.657,0],[0,0],[0,1.657]],"v":[[9,-8.969],[-9,-8.969],[-12,-11.969],[-12,-18],[-9,-21],[9,-21],[12,-18],[12,-11.969]],"c":true}]},{"i":{"x":0.15,"y":1},"o":{"x":0.6,"y":0},"t":40,"s":[{"i":[[1.657,0],[0,0],[0,1.657],[0,0],[-1.657,0],[0,0],[0,-1.657],[0,0]],"o":[[0,0],[-1.657,0],[0,0],[0,-1.657],[0,0],[1.657,0],[0,0],[0,1.657]],"v":[[9,-8.969],[-9,-8.969],[-12,-11.969],[-12,-18],[-9,-21],[9,-21],[12,-18],[12,-11.969]],"c":true}]},{"t":70,"s":[{"i":[[1.657,0],[0,0],[0,1.657],[0,0],[-1.657,0],[0,0],[0,-1.657],[0,0]],"o":[[0,0],[-1.657,0],[0,0],[0,-1.657],[0,0],[1.657,0],[0,0],[0,1.657]],"v":[[9,-25],[-9,-25],[-12,-28],[-12,-28],[-9,-31],[9,-31],[12,-28],[12,-28]],"c":true}]}],"ix":2},"nm":"Path 1","mn":"ADBE Vector Shape - Group","hd":false},{"ty":"fl","c":{"a":0,"k":[0,0,0,1],"ix":4},"o":{"a":0,"k":100,"ix":5},"r":1,"bm":0,"nm":"Fill 1","mn":"ADBE Vector Graphic - Fill","hd":false},{"ty":"tr","p":{"a":0,"k":[113,119],"ix":2},"a":{"a":0,"k":[0,0],"ix":1},"s":{"a":0,"k":[100,100],"ix":3},"r":{"a":0,"k":0,"ix":6},"o":{"a":0,"k":100,"ix":7},"sk":{"a":0,"k":0,"ix":4},"sa":{"a":0,"k":0,"ix":5},"nm":"Transform"}],"nm":"Panel 1","np":2,"cix":2,"bm":0,"ix":1,"mn":"ADBE Vector Group","hd":false}],"ip":0,"op":70,"st":-15,"bm":0}]}],"layers":[{"ddd":0,"ind":1,"ty":0,"nm":"Dynamic Dashboard Icon [Working] - Opacity Fade","refId":"comp_0","sr":1,"ks":{"o":{"a":0,"k":100,"ix":11},"r":{"a":0,"k":0,"ix":10},"p":{"a":0,"k":[128,128,0],"ix":2},"a":{"a":0,"k":[128,128,0],"ix":1},"s":{"a":0,"k":[100,100,100],"ix":6}},"ao":0,"hasMask":true,"masksProperties":[{"inv":false,"mode":"a","pt":{"a":0,"k":{"i":[[0,0],[0,0],[0,0],[0,0]],"o":[[0,0],[0,0],[0,0],[0,0]],"v":[[161.165,94.585],[94.835,94.585],[94.835,160.915],[161.165,160.915]],"c":true},"ix":1},"o":{"a":0,"k":100,"ix":3},"x":{"a":0,"k":0,"ix":4},"nm":"Mask 1"}],"w":256,"h":256,"ip":0,"op":273,"st":0,"bm":0}],"markers":[]}