{"nm":"money fly","ddd":0,"h":300,"w":300,"meta":{"g":"LottieFiles AE 3.1.1"},"layers":[{"ty":0,"nm":"money fly - comp","sr":1,"st":0,"op":210,"ip":0,"hd":false,"ddd":0,"bm":0,"hasMask":false,"ao":0,"ks":{"a":{"a":0,"k":[150,150,0],"ix":1},"s":{"a":0,"k":[100,100,100],"ix":6},"sk":{"a":0,"k":0},"p":{"a":0,"k":[150,150,0],"ix":2},"r":{"a":0,"k":0,"ix":10},"sa":{"a":0,"k":0},"o":{"a":0,"k":100,"ix":11}},"ef":[],"w":300,"h":300,"refId":"comp_0","tm":{"a":1,"k":[{"o":{"x":0.501,"y":0.481},"i":{"x":0.833,"y":0.891},"s":[0],"t":0},{"o":{"x":0.167,"y":0.268},"i":{"x":0.833,"y":0.718},"s":[1.15],"t":54},{"o":{"x":0.167,"y":0.104},"i":{"x":0.175,"y":0.306},"s":[1.8],"t":129},{"s":[3],"t":180}],"ix":2},"ind":1}],"v":"4.8.0","fr":60,"op":180,"ip":0,"assets":[{"nm":"","id":"comp_0","layers":[{"ty":4,"nm":"Shape Layer 2","sr":1,"st":0,"op":180,"ip":0,"hd":false,"ddd":0,"bm":0,"hasMask":false,"ao":0,"ks":{"a":{"a":0,"k":[-126.266,-46.266,0],"ix":1},"s":{"a":1,"k":[{"o":{"x":0.358,"y":0.709},"i":{"x":0.461,"y":1},"s":[0,0,100],"t":45},{"o":{"x":0.554,"y":0},"i":{"x":0.724,"y":0.395},"s":[100,100,100],"t":90},{"s":[0,0,100],"t":135}],"ix":6},"sk":{"a":0,"k":0},"p":{"a":1,"k":[{"o":{"x":0.167,"y":0.167},"i":{"x":0.833,"y":0.833},"s":[278.734,72.734,0],"t":45,"ti":[44.167,-26.667,0],"to":[-44.167,26.667,0]},{"s":[13.734,232.734,0],"t":135}],"ix":2},"r":{"a":0,"k":0,"ix":10},"sa":{"a":0,"k":0},"o":{"a":0,"k":100,"ix":11}},"ef":[],"shapes":[{"ty":"gr","bm":0,"hd":false,"mn":"ADBE Vector Group","nm":"Ellipse 1","ix":1,"cix":2,"np":3,"it":[{"ty":"gr","bm":0,"hd":false,"mn":"ADBE Vector Group","nm":"Group 1","ix":1,"cix":2,"np":1,"it":[{"ty":"sh","bm":0,"hd":false,"mn":"ADBE Vector Shape - Group","nm":"Path 1","ix":1,"d":1,"ks":{"a":0,"k":{"c":true,"i":[[-4.272,0],[0,-4.272],[4.272,0],[0,4.272]],"o":[[4.272,0],[0,4.272],[-4.272,0],[0,-4.272]],"v":[[-126.266,-54],[-118.531,-46.266],[-126.266,-38.531],[-134,-46.266]]},"ix":2}},{"ty":"tr","a":{"a":0,"k":[-126.266,-46.266],"ix":1},"s":{"a":0,"k":[679,679],"ix":3},"sk":{"a":0,"k":0,"ix":4},"p":{"a":0,"k":[0,0],"ix":2},"r":{"a":0,"k":0,"ix":6},"sa":{"a":0,"k":0,"ix":5},"o":{"a":0,"k":100,"ix":7}}]},{"ty":"tm","bm":0,"hd":false,"mn":"ADBE Vector Filter - Trim","nm":"Trim Paths 1","ix":2,"e":{"a":0,"k":93,"ix":2},"o":{"a":0,"k":0,"ix":3},"s":{"a":0,"k":37,"ix":1},"m":1},{"ty":"st","bm":0,"hd":false,"mn":"ADBE Vector Graphic - Stroke","nm":"Stroke 1","lc":2,"lj":2,"ml":1,"o":{"a":0,"k":100,"ix":4},"w":{"a":1,"k":[{"o":{"x":0.264,"y":0.222},"i":{"x":0.541,"y":1},"s":[35],"t":45},{"o":{"x":0.469,"y":0},"i":{"x":0.669,"y":0.752},"s":[11],"t":90},{"s":[35],"t":135}],"ix":5},"c":{"a":0,"k":[0.9843,0.2588,0.1216],"ix":3}},{"ty":"tr","a":{"a":0,"k":[0,0],"ix":1},"s":{"a":0,"k":[100,100],"ix":3},"sk":{"a":0,"k":0,"ix":4},"p":{"a":0,"k":[-126.266,-46.266],"ix":2},"r":{"a":0,"k":0,"ix":6},"sa":{"a":0,"k":0,"ix":5},"o":{"a":0,"k":100,"ix":7}}]}],"ind":1},{"ty":0,"nm":"atom money","sr":1,"st":135,"op":180,"ip":135,"hd":false,"ddd":0,"bm":0,"hasMask":false,"ao":0,"ks":{"a":{"a":0,"k":[85,55,0],"ix":1},"s":{"a":0,"k":[100,100,100],"ix":6},"sk":{"a":0,"k":0},"p":{"a":0,"k":[150,150,0],"ix":2},"r":{"a":0,"k":-30,"ix":10},"sa":{"a":0,"k":0},"o":{"a":0,"k":100,"ix":11}},"ef":[],"w":170,"h":110,"refId":"comp_1","ind":2},{"ty":0,"nm":"atom money","sr":1,"st":90,"op":135,"ip":90,"hd":false,"ddd":0,"bm":0,"hasMask":false,"ao":0,"ks":{"a":{"a":0,"k":[85,55,0],"ix":1},"s":{"a":0,"k":[100,100,100],"ix":6},"sk":{"a":0,"k":0},"p":{"a":0,"k":[150,150,0],"ix":2},"r":{"a":0,"k":-30,"ix":10},"sa":{"a":0,"k":0},"o":{"a":0,"k":100,"ix":11}},"ef":[],"w":170,"h":110,"refId":"comp_1","ind":3},{"ty":0,"nm":"atom money","sr":1,"st":45,"op":90,"ip":45,"hd":false,"ddd":0,"bm":0,"hasMask":false,"ao":0,"ks":{"a":{"a":0,"k":[85,55,0],"ix":1},"s":{"a":0,"k":[100,100,100],"ix":6},"sk":{"a":0,"k":0},"p":{"a":0,"k":[150,150,0],"ix":2},"r":{"a":0,"k":-30,"ix":10},"sa":{"a":0,"k":0},"o":{"a":0,"k":100,"ix":11}},"ef":[],"w":170,"h":110,"refId":"comp_1","ind":4},{"ty":0,"nm":"atom money","sr":1,"st":0,"op":45,"ip":0,"hd":false,"ddd":0,"bm":0,"hasMask":false,"ao":0,"ks":{"a":{"a":0,"k":[85,55,0],"ix":1},"s":{"a":0,"k":[100,100,100],"ix":6},"sk":{"a":0,"k":0},"p":{"a":0,"k":[150,150,0],"ix":2},"r":{"a":0,"k":-30,"ix":10},"sa":{"a":0,"k":0},"o":{"a":0,"k":100,"ix":11}},"ef":[],"w":170,"h":110,"refId":"comp_1","ind":5},{"ty":4,"nm":"Shape Layer 1","sr":1,"st":0,"op":180,"ip":0,"hd":false,"ddd":0,"bm":0,"hasMask":true,"ao":0,"ks":{"a":{"a":0,"k":[-126.266,-46.266,0],"ix":1},"s":{"a":1,"k":[{"o":{"x":0.358,"y":0.709},"i":{"x":0.461,"y":1},"s":[0,0,100],"t":45},{"o":{"x":0.554,"y":0},"i":{"x":0.724,"y":0.395},"s":[100,100,100],"t":90},{"s":[0,0,100],"t":135}],"ix":6},"sk":{"a":0,"k":0},"p":{"a":1,"k":[{"o":{"x":0.167,"y":0.167},"i":{"x":0.833,"y":0.833},"s":[278.734,72.734,0],"t":45,"ti":[44.167,-26.667,0],"to":[-44.167,26.667,0]},{"s":[13.734,232.734,0],"t":135}],"ix":2},"r":{"a":0,"k":-22,"ix":10},"sa":{"a":0,"k":0},"o":{"a":0,"k":100,"ix":11}},"ef":[],"masksProperties":[{"nm":"Mask 1","inv":false,"mode":"a","x":{"a":0,"k":0,"ix":4},"o":{"a":0,"k":100,"ix":3},"pt":{"a":1,"k":[{"o":{"x":0.167,"y":0.167},"i":{"x":0.833,"y":0.833},"s":[{"c":true,"i":[[0,0],[0,0],[0,0],[0,0],[0,0],[0,0],[0,0],[0,0],[0,0],[0,0]],"o":[[0,0],[0,0],[0,0],[0,0],[0,0],[0,0],[0,0],[0,0],[0,0],[0,0]],"v":[[-129.76,-108.823],[-128.137,-80.124],[-146.154,-52.365],[-136.082,-19.745],[-99.258,-26.006],[-121.135,8.553],[-85.236,16.281],[-24.507,-4.497],[-56.252,-110.051],[-104.451,-116.604]]}],"t":79},{"o":{"x":0.167,"y":0.167},"i":{"x":0.833,"y":0.833},"s":[{"c":true,"i":[[0,0],[0,0],[0,0],[0,0],[0,0],[0,0],[0,0],[0,0],[0,0],[0,0]],"o":[[0,0],[0,0],[0,0],[0,0],[0,0],[0,0],[0,0],[0,0],[0,0],[0,0]],"v":[[-129.76,-108.823],[-128.137,-80.124],[-88.57,-87.529],[-79.378,-30.389],[-99.258,-26.006],[-121.135,8.553],[-85.236,16.281],[-24.507,-4.497],[-56.252,-110.051],[-104.451,-116.604]]}],"t":80},{"o":{"x":0.167,"y":0.167},"i":{"x":0.833,"y":0.833},"s":[{"c":true,"i":[[0,0],[0,0],[0,0],[0,0],[0,0],[0,0],[0,0],[0,0],[0,0],[0,0]],"o":[[0,0],[0,0],[0,0],[0,0],[0,0],[0,0],[0,0],[0,0],[0,0],[0,0]],"v":[[-129.76,-108.823],[-128.137,-80.124],[-81.404,-88.216],[-72.726,-33.213],[-99.258,-26.006],[-121.135,8.553],[-85.236,16.281],[-24.507,-4.497],[-56.252,-110.051],[-104.451,-116.604]]}],"t":81},{"o":{"x":0.167,"y":0.167},"i":{"x":0.833,"y":0.833},"s":[{"c":true,"i":[[0,0],[0,0],[0,0],[0,0],[0,0],[0,0],[0,0],[0,0],[0,0],[0,0]],"o":[[0,0],[0,0],[0,0],[0,0],[0,0],[0,0],[0,0],[0,0],[0,0],[0,0]],"v":[[-129.76,-108.823],[-128.137,-80.124],[-81.404,-88.216],[-72.726,-33.213],[-99.258,-26.006],[-121.135,8.553],[-85.236,16.281],[-24.507,-4.497],[-56.252,-110.051],[-104.451,-116.604]]}],"t":82},{"o":{"x":0.167,"y":0.167},"i":{"x":0.833,"y":0.833},"s":[{"c":true,"i":[[0,0],[0,0],[0,0],[0,0],[0,0],[0,0],[0,0],[0,0],[0,0],[0,0]],"o":[[0,0],[0,0],[0,0],[0,0],[0,0],[0,0],[0,0],[0,0],[0,0],[0,0]],"v":[[-129.76,-108.823],[-128.137,-80.124],[-77.162,-90.6],[-68.233,-26.754],[-99.258,-26.006],[-121.135,8.553],[-85.236,16.281],[-24.507,-4.497],[-56.252,-110.051],[-104.451,-116.604]]}],"t":83},{"o":{"x":0.167,"y":0.167},"i":{"x":0.833,"y":0.833},"s":[{"c":true,"i":[[0,0],[0,0],[0,0],[0,0],[0,0],[0,0],[0,0],[0,0],[0,0],[0,0]],"o":[[0,0],[0,0],[0,0],[0,0],[0,0],[0,0],[0,0],[0,0],[0,0],[0,0]],"v":[[-176.507,-108.705],[-115.45,-88.611],[-74.817,-90.093],[-61.769,-31.133],[-99.258,-26.006],[-109.945,3.837],[-85.8,9.217],[-24.507,-4.497],[-56.252,-110.051],[-123.109,-109.303]]}],"t":84},{"o":{"x":0.167,"y":0.167},"i":{"x":0.833,"y":0.833},"s":[{"c":true,"i":[[0,0],[0,0],[0,0],[0,0],[0,0],[0,0],[0,0],[0,0],[0,0],[0,0]],"o":[[0,0],[0,0],[0,0],[0,0],[0,0],[0,0],[0,0],[0,0],[0,0],[0,0]],"v":[[-129.76,-108.823],[-130.303,-82.693],[-69.332,-91.666],[-61.63,-26.179],[-99.258,-26.006],[-107.941,2.986],[-85.8,9.217],[-24.507,-4.497],[-56.252,-110.051],[-97.119,-109.368]]}],"t":85},{"o":{"x":0.167,"y":0.167},"i":{"x":0.833,"y":0.833},"s":[{"c":true,"i":[[0,0],[0,0],[0,0],[0,0],[0,0],[0,0],[0,0],[0,0],[0,0],[0,0]],"o":[[0,0],[0,0],[0,0],[0,0],[0,0],[0,0],[0,0],[0,0],[0,0],[0,0]],"v":[[-176.536,-100.139],[-115.45,-88.611],[-70.112,-89.808],[-55.413,-26.903],[-99.258,-26.006],[-110.057,4.27],[-85.8,9.217],[-0.292,-5.53],[-46.897,-122.496],[-118.971,-110.067]]}],"t":86},{"o":{"x":0.167,"y":0.167},"i":{"x":0.833,"y":0.833},"s":[{"c":true,"i":[[0,0],[0,0],[0,0],[0,0],[0,0],[0,0],[0,0],[0,0],[0,0],[0,0]],"o":[[0,0],[0,0],[0,0],[0,0],[0,0],[0,0],[0,0],[0,0],[0,0],[0,0]],"v":[[-167.885,-99.943],[-115.45,-88.611],[-55.137,-98.87],[-44.011,-27.143],[-99.258,-26.006],[-111.781,4.616],[-85.8,9.217],[-0.292,-5.53],[-46.897,-122.496],[-134.439,-125.414]]}],"t":88},{"o":{"x":0.167,"y":0.167},"i":{"x":0.833,"y":0.833},"s":[{"c":true,"i":[[0,0],[0,0],[0,0],[0,0],[0,0],[0,0],[0,0],[0,0],[0,0],[0,0]],"o":[[0,0],[0,0],[0,0],[0,0],[0,0],[0,0],[0,0],[0,0],[0,0],[0,0]],"v":[[-129.76,-108.823],[-128.379,-81.971],[-75.197,-97.268],[-44.011,-27.143],[-99.258,-26.006],[-109.814,3.781],[-85.8,9.217],[-0.292,-5.53],[-46.897,-122.496],[-92.965,-114.895]]}],"t":90},{"o":{"x":0.167,"y":0.167},"i":{"x":0.833,"y":0.833},"s":[{"c":true,"i":[[0,0],[0,0],[0,0],[0,0],[0,0],[0,0],[0,0],[0,0],[0,0],[0,0]],"o":[[0,0],[0,0],[0,0],[0,0],[0,0],[0,0],[0,0],[0,0],[0,0],[0,0]],"v":[[-143.698,-109.058],[-134.174,-75.666],[-55.137,-98.87],[-44.011,-27.143],[-99.258,-26.006],[-111.41,3.69],[-85.8,9.217],[41.861,5.024],[9.448,-131.036],[-67.946,-118.687]]}],"t":92},{"o":{"x":0.167,"y":0.167},"i":{"x":0.833,"y":0.833},"s":[{"c":true,"i":[[0,0],[0,0],[0,0],[0,0],[0,0],[0,0],[0,0],[0,0],[0,0],[0,0]],"o":[[0,0],[0,0],[0,0],[0,0],[0,0],[0,0],[0,0],[0,0],[0,0],[0,0]],"v":[[-129.76,-108.823],[-130.559,-77.965],[-76.73,-96.247],[-14.404,-33.553],[-99.258,-26.006],[-108.459,4.361],[-85.8,9.217],[41.861,5.024],[9.448,-131.036],[-67.946,-118.687]]}],"t":93},{"o":{"x":0.167,"y":0.167},"i":{"x":0.833,"y":0.833},"s":[{"c":true,"i":[[0,0],[0,0],[0,0],[0,0],[0,0],[0,0],[0,0],[0,0],[0,0],[0,0]],"o":[[0,0],[0,0],[0,0],[0,0],[0,0],[0,0],[0,0],[0,0],[0,0],[0,0]],"v":[[-129.76,-108.823],[-125.08,-79.512],[-70.326,-100.12],[-34.073,-31.757],[-99.258,-26.006],[-112.308,4.454],[-85.8,9.217],[41.861,5.024],[9.448,-131.036],[-67.946,-118.687]]}],"t":94},{"o":{"x":0.167,"y":0.167},"i":{"x":0.833,"y":0.833},"s":[{"c":true,"i":[[0,0],[0,0],[0,0],[0,0],[0,0],[0,0],[0,0],[0,0],[0,0],[0,0]],"o":[[0,0],[0,0],[0,0],[0,0],[0,0],[0,0],[0,0],[0,0],[0,0],[0,0]],"v":[[-147.694,-111.704],[-134.965,-74.141],[-52.687,-107.607],[-14.404,-33.553],[-103.589,-23.39],[-108.088,3.027],[-86.378,13.349],[41.861,5.024],[9.448,-131.036],[-67.946,-118.687]]}],"t":97},{"o":{"x":0.167,"y":0.167},"i":{"x":0.833,"y":0.833},"s":[{"c":true,"i":[[0,0],[0,0],[0,0],[0,0],[0,0],[0,0],[0,0],[0,0],[0,0],[0,0]],"o":[[0,0],[0,0],[0,0],[0,0],[0,0],[0,0],[0,0],[0,0],[0,0],[0,0]],"v":[[-135.852,-110.178],[-129.924,-76.248],[-52.687,-107.607],[-14.404,-33.553],[-97.496,-22.035],[-113.31,3.952],[-86.378,13.349],[41.861,5.024],[9.448,-131.036],[-67.946,-118.687]]}],"t":100},{"o":{"x":0.167,"y":0.167},"i":{"x":0.833,"y":0.833},"s":[{"c":true,"i":[[0,0],[0,0],[0,0],[0,0],[0,0],[0,0],[0,0],[0,0],[0,0],[0,0]],"o":[[0,0],[0,0],[0,0],[0,0],[0,0],[0,0],[0,0],[0,0],[0,0],[0,0]],"v":[[-129.76,-108.823],[-129.084,-74.577],[-52.687,-107.607],[-14.404,-33.553],[-97.496,-22.035],[-115.638,4.868],[-86.378,13.349],[41.861,5.024],[9.448,-131.036],[-67.946,-118.687]]}],"t":102},{"o":{"x":0.167,"y":0.167},"i":{"x":0.833,"y":0.833},"s":[{"c":true,"i":[[0,0],[0,0],[0,0],[0,0],[0,0],[0,0],[0,0],[0,0],[0,0],[0,0]],"o":[[0,0],[0,0],[0,0],[0,0],[0,0],[0,0],[0,0],[0,0],[0,0],[0,0]],"v":[[-134.224,-111.757],[-125.905,-77.137],[-52.687,-107.607],[-14.404,-33.553],[-86.399,-24.331],[-120.536,0.984],[-86.378,13.349],[41.861,5.024],[9.448,-131.036],[-67.946,-118.687]]}],"t":103},{"o":{"x":0.167,"y":0.167},"i":{"x":0.833,"y":0.833},"s":[{"c":true,"i":[[0,0],[0,0],[0,0],[0,0],[0,0],[0,0],[0,0],[0,0],[0,0],[0,0]],"o":[[0,0],[0,0],[0,0],[0,0],[0,0],[0,0],[0,0],[0,0],[0,0],[0,0]],"v":[[-134.298,-114.686],[-122.699,-78.529],[-52.687,-107.607],[-46.302,-37.231],[-112,-15.104],[-127.307,9.117],[-136.76,24.075],[41.861,5.024],[9.448,-131.036],[-67.946,-118.687]]}],"t":105},{"o":{"x":0.167,"y":0.167},"i":{"x":0.833,"y":0.833},"s":[{"c":true,"i":[[0,0],[0,0],[0,0],[0,0],[0,0],[0,0],[0,0],[0,0],[0,0],[0,0]],"o":[[0,0],[0,0],[0,0],[0,0],[0,0],[0,0],[0,0],[0,0],[0,0],[0,0]],"v":[[-129.76,-108.823],[-136.025,-71.671],[-87.093,-101.783],[-44.836,-31.707],[-112,-15.104],[-127.307,9.117],[-136.76,24.075],[41.861,5.024],[9.448,-131.036],[-67.946,-118.687]]}],"t":110},{"o":{"x":0.167,"y":0.167},"i":{"x":0.833,"y":0.833},"s":[{"c":true,"i":[[0,0],[0,0],[0,0],[0,0],[0,0],[0,0],[0,0],[0,0],[0,0],[0,0]],"o":[[0,0],[0,0],[0,0],[0,0],[0,0],[0,0],[0,0],[0,0],[0,0],[0,0]],"v":[[-129.76,-108.823],[-126.283,-81.181],[-71.829,-105.295],[-44.836,-31.707],[-107.775,-17.792],[-124.984,5.74],[-136.76,24.075],[41.861,5.024],[9.448,-131.036],[-67.946,-118.687]]}],"t":111},{"o":{"x":0.167,"y":0.167},"i":{"x":0.833,"y":0.833},"s":[{"c":true,"i":[[0,0],[0,0],[0,0],[0,0],[0,0],[0,0],[0,0],[0,0],[0,0],[0,0]],"o":[[0,0],[0,0],[0,0],[0,0],[0,0],[0,0],[0,0],[0,0],[0,0],[0,0]],"v":[[-158.216,-111.349],[-120.008,-85.209],[-68.251,-105.564],[-45.62,-28.179],[-96.551,-20.164],[-119.231,-1.232],[-136.76,24.075],[41.861,5.024],[9.448,-131.036],[-83.767,-120.091]]}],"t":112},{"o":{"x":0.167,"y":0.167},"i":{"x":0.833,"y":0.833},"s":[{"c":true,"i":[[0,0],[0,0],[0,0],[0,0],[0,0],[0,0],[0,0],[0,0],[0,0],[0,0]],"o":[[0,0],[0,0],[0,0],[0,0],[0,0],[0,0],[0,0],[0,0],[0,0],[0,0]],"v":[[-158.216,-111.349],[-113.458,-79.445],[-75.559,-104.677],[-43.39,-24.77],[-94.246,-25.02],[-118.786,-1.403],[-136.76,24.075],[41.861,5.024],[9.448,-131.036],[-83.767,-120.091]]}],"t":113},{"o":{"x":0.167,"y":0.167},"i":{"x":0.833,"y":0.833},"s":[{"c":true,"i":[[0,0],[0,0],[0,0],[0,0],[0,0],[0,0],[0,0],[0,0],[0,0],[0,0]],"o":[[0,0],[0,0],[0,0],[0,0],[0,0],[0,0],[0,0],[0,0],[0,0],[0,0]],"v":[[-158.216,-111.349],[-108.274,-80.28],[-81.889,-103.497],[-31.17,-23.437],[-85.96,-19.732],[-118.342,-1.574],[-136.76,24.075],[41.861,5.024],[9.448,-131.036],[-83.767,-120.091]]}],"t":114},{"o":{"x":0.167,"y":0.167},"i":{"x":0.833,"y":0.833},"s":[{"c":true,"i":[[0,0],[0,0],[0,0],[0,0],[0,0],[0,0],[0,0],[0,0],[0,0],[0,0]],"o":[[0,0],[0,0],[0,0],[0,0],[0,0],[0,0],[0,0],[0,0],[0,0],[0,0]],"v":[[-158.216,-111.349],[-101.27,-72.316],[-78.603,-104.129],[-46.197,-26.971],[-84.764,-22.721],[-117.897,-1.745],[-136.76,24.075],[41.861,5.024],[9.448,-131.036],[-83.767,-120.091]]}],"t":115},{"o":{"x":0.167,"y":0.167},"i":{"x":0.833,"y":0.833},"s":[{"c":true,"i":[[0,0],[0,0],[0,0],[0,0],[0,0],[0,0],[0,0],[0,0],[0,0],[0,0]],"o":[[0,0],[0,0],[0,0],[0,0],[0,0],[0,0],[0,0],[0,0],[0,0],[0,0]],"v":[[-158.216,-111.349],[-98.157,-68.777],[-70.497,-109.002],[-31.165,-19.124],[-84.823,-27.549],[-117.7,-1.821],[-136.76,24.075],[41.861,5.024],[9.448,-131.036],[-83.767,-120.091]]}],"t":117},{"o":{"x":0.167,"y":0.167},"i":{"x":0.833,"y":0.833},"s":[{"c":true,"i":[[0,0],[0,0],[0,0],[0,0],[0,0],[0,0],[0,0],[0,0],[0,0],[0,0]],"o":[[0,0],[0,0],[0,0],[0,0],[0,0],[0,0],[0,0],[0,0],[0,0],[0,0]],"v":[[-158.216,-111.349],[-90.638,-63.003],[-81.678,-104.859],[-38.873,-23.247],[-83.38,-38.544],[-117.601,-1.858],[-136.76,24.075],[41.861,5.024],[9.448,-131.036],[-83.767,-120.091]]}],"t":118},{"o":{"x":0.167,"y":0.167},"i":{"x":0.833,"y":0.833},"s":[{"c":true,"i":[[0,0],[0,0],[0,0],[0,0],[0,0],[0,0],[0,0],[0,0],[0,0],[0,0]],"o":[[0,0],[0,0],[0,0],[0,0],[0,0],[0,0],[0,0],[0,0],[0,0],[0,0]],"v":[[-158.216,-111.349],[-83.12,-57.228],[-70.998,-98.005],[-46.581,-27.37],[-81.937,-49.538],[-117.502,-1.896],[-136.76,24.075],[41.861,5.024],[9.448,-131.036],[-83.767,-120.091]]}],"t":119},{"o":{"x":0.167,"y":0.167},"i":{"x":0.833,"y":0.833},"s":[{"c":true,"i":[[0,0],[0,0],[0,0],[0,0],[0,0],[0,0],[0,0],[0,0],[0,0],[0,0]],"o":[[0,0],[0,0],[0,0],[0,0],[0,0],[0,0],[0,0],[0,0],[0,0],[0,0]],"v":[[-158.216,-111.349],[-94.171,-55.837],[-92.69,-50.294],[-92.033,-47.432],[-91.938,-43.895],[-117.009,-2.086],[-136.76,24.075],[-50.862,15.209],[-88.995,-131.522],[-83.767,-120.091]]}],"t":120},{"o":{"x":0.167,"y":0.167},"i":{"x":0.833,"y":0.833},"s":[{"c":true,"i":[[0,0],[0,0],[0,0],[0,0],[0,0],[0,0],[0,0],[0,0],[0,0],[0,0]],"o":[[0,0],[0,0],[0,0],[0,0],[0,0],[0,0],[0,0],[0,0],[0,0],[0,0]],"v":[[-158.216,-111.349],[-101.07,-52.987],[-99.588,-47.445],[-98.932,-44.583],[-98.837,-41.045],[-122.281,-0.788],[-136.76,24.075],[41.861,5.024],[9.448,-131.036],[-83.767,-120.091]]}],"t":122},{"s":[{"c":true,"i":[[0,0],[0,0],[0,0],[0,0],[0,0],[0,0],[0,0],[0,0],[0,0],[0,0]],"o":[[0,0],[0,0],[0,0],[0,0],[0,0],[0,0],[0,0],[0,0],[0,0],[0,0]],"v":[[-158.216,-111.349],[-101.07,-52.987],[-99.588,-47.445],[-98.932,-44.583],[-98.837,-41.045],[-122.281,-0.788],[-156.85,51.69],[41.861,5.024],[9.448,-131.036],[-120.574,-150.595]]}],"t":130}],"ix":1}}],"shapes":[{"ty":"gr","bm":0,"hd":false,"mn":"ADBE Vector Group","nm":"Ellipse 1","ix":1,"cix":2,"np":3,"it":[{"ty":"gr","bm":0,"hd":false,"mn":"ADBE Vector Group","nm":"Group 1","ix":1,"cix":2,"np":1,"it":[{"ty":"sh","bm":0,"hd":false,"mn":"ADBE Vector Shape - Group","nm":"Path 1","ix":1,"d":1,"ks":{"a":0,"k":{"c":true,"i":[[-4.272,0],[0,-4.272],[4.272,0],[0,4.272]],"o":[[4.272,0],[0,4.272],[-4.272,0],[0,-4.272]],"v":[[-126.266,-54],[-118.531,-46.266],[-126.266,-38.531],[-134,-46.266]]},"ix":2}},{"ty":"tr","a":{"a":0,"k":[-126.266,-46.266],"ix":1},"s":{"a":0,"k":[679,679],"ix":3},"sk":{"a":0,"k":0,"ix":4},"p":{"a":0,"k":[0,0],"ix":2},"r":{"a":0,"k":0,"ix":6},"sa":{"a":0,"k":0,"ix":5},"o":{"a":0,"k":100,"ix":7}}]},{"ty":"tm","bm":0,"hd":false,"mn":"ADBE Vector Filter - Trim","nm":"Trim Paths 1","ix":2,"e":{"a":0,"k":44,"ix":2},"o":{"a":0,"k":0,"ix":3},"s":{"a":0,"k":0,"ix":1},"m":1},{"ty":"st","bm":0,"hd":false,"mn":"ADBE Vector Graphic - Stroke","nm":"Stroke 1","lc":2,"lj":2,"ml":1,"o":{"a":0,"k":100,"ix":4},"w":{"a":1,"k":[{"o":{"x":0.264,"y":0.222},"i":{"x":0.541,"y":1},"s":[35],"t":45},{"o":{"x":0.469,"y":0},"i":{"x":0.669,"y":0.752},"s":[11],"t":90},{"s":[35],"t":135}],"ix":5},"c":{"a":0,"k":[0.9843,0.2588,0.1216],"ix":3}},{"ty":"tr","a":{"a":0,"k":[0,0],"ix":1},"s":{"a":0,"k":[100,100],"ix":3},"sk":{"a":0,"k":0,"ix":4},"p":{"a":0,"k":[-126.266,-46.266],"ix":2},"r":{"a":0,"k":0,"ix":6},"sa":{"a":0,"k":0,"ix":5},"o":{"a":0,"k":100,"ix":7}}]}],"ind":6}]},{"nm":"","id":"comp_1","layers":[{"ty":4,"nm":"Shape Layer 3","sr":1,"st":0,"op":45,"ip":0,"hd":false,"ddd":0,"bm":0,"hasMask":false,"ao":0,"ks":{"a":{"a":0,"k":[85,23,0],"ix":1},"s":{"a":0,"k":[100,100,100],"ix":6},"sk":{"a":0,"k":0},"p":{"a":1,"k":[{"o":{"x":0.167,"y":0.167},"i":{"x":0.833,"y":0.833},"s":[12.688,54.562,0],"t":0,"ti":[0,-1.042,0],"to":[0,0.75,0]},{"o":{"x":0.167,"y":0.167},"i":{"x":0.833,"y":0.833},"s":[12.688,59.062,0],"t":6,"ti":[0,0.375,0],"to":[0,1.042,0]},{"o":{"x":0.167,"y":0.167},"i":{"x":0.833,"y":0.833},"s":[12.688,60.812,0],"t":14,"ti":[0,1.625,0],"to":[0,-0.375,0]},{"o":{"x":0.167,"y":0.167},"i":{"x":0.833,"y":0.833},"s":[12.688,56.812,0],"t":20,"ti":[0,1.458,0],"to":[0,-1.625,0]},{"o":{"x":0.167,"y":0.167},"i":{"x":0.833,"y":0.833},"s":[12.688,51.062,0],"t":26,"ti":[0,0.5,0],"to":[0,-1.458,0]},{"o":{"x":0.167,"y":0.167},"i":{"x":0.833,"y":0.833},"s":[12.688,48.062,0],"t":32,"ti":[0,0,0],"to":[0,0,0]},{"o":{"x":0.167,"y":0.167},"i":{"x":0.833,"y":0.833},"s":[12.688,48.062,0],"t":38,"ti":[0,-1.083,0],"to":[0,1.083,0]},{"s":[12.688,54.562,0],"t":45}],"ix":2},"r":{"a":0,"k":0,"ix":10},"sa":{"a":0,"k":0},"o":{"a":0,"k":100,"ix":11}},"ef":[],"shapes":[{"ty":"gr","bm":0,"hd":false,"mn":"ADBE Vector Group","nm":"Shape 1","ix":1,"cix":2,"np":2,"it":[{"ty":"sh","bm":0,"hd":false,"mn":"ADBE Vector Shape - Group","nm":"Path 1","ix":1,"d":1,"ks":{"a":0,"k":{"c":false,"i":[[0,0],[0,0]],"o":[[0,0],[0,0]],"v":[[85,-6],[85,52]]},"ix":2}},{"ty":"st","bm":0,"hd":false,"mn":"ADBE Vector Graphic - Stroke","nm":"Stroke 1","lc":2,"lj":2,"ml":1,"o":{"a":0,"k":100,"ix":4},"w":{"a":0,"k":11,"ix":5},"c":{"a":0,"k":[0.1569,0.8549,0.7216],"ix":3}},{"ty":"tr","a":{"a":0,"k":[0,0],"ix":1},"s":{"a":0,"k":[100,100],"ix":3},"sk":{"a":0,"k":0,"ix":4},"p":{"a":0,"k":[0,0],"ix":2},"r":{"a":0,"k":0,"ix":6},"sa":{"a":0,"k":0,"ix":5},"o":{"a":0,"k":100,"ix":7}}]}],"ind":1},{"ty":4,"nm":"Shape Layer 2","sr":1,"st":0,"op":45,"ip":0,"hd":false,"ddd":0,"bm":0,"hasMask":false,"ao":0,"ks":{"a":{"a":0,"k":[85,23,0],"ix":1},"s":{"a":0,"k":[100,100,100],"ix":6},"sk":{"a":0,"k":0},"p":{"a":1,"k":[{"o":{"x":0.167,"y":0.167},"i":{"x":0.833,"y":0.833},"s":[157.438,54.563,0],"t":0,"ti":[0,-1.042,0],"to":[0,0.75,0]},{"o":{"x":0.167,"y":0.167},"i":{"x":0.833,"y":0.833},"s":[157.438,59.063,0],"t":6,"ti":[0,0.375,0],"to":[0,1.042,0]},{"o":{"x":0.167,"y":0.167},"i":{"x":0.833,"y":0.833},"s":[157.438,60.813,0],"t":14,"ti":[0,1.625,0],"to":[0,-0.375,0]},{"o":{"x":0.167,"y":0.167},"i":{"x":0.833,"y":0.833},"s":[157.438,56.813,0],"t":20,"ti":[0,1.458,0],"to":[0,-1.625,0]},{"o":{"x":0.167,"y":0.167},"i":{"x":0.833,"y":0.833},"s":[157.438,51.063,0],"t":26,"ti":[0,0.5,0],"to":[0,-1.458,0]},{"o":{"x":0.167,"y":0.167},"i":{"x":0.833,"y":0.833},"s":[157.438,48.063,0],"t":32,"ti":[0,0,0],"to":[0,0,0]},{"o":{"x":0.167,"y":0.167},"i":{"x":0.833,"y":0.833},"s":[157.438,48.063,0],"t":38,"ti":[0,-1.083,0],"to":[0,1.083,0]},{"s":[157.438,54.563,0],"t":45}],"ix":2},"r":{"a":0,"k":0,"ix":10},"sa":{"a":0,"k":0},"o":{"a":0,"k":100,"ix":11}},"ef":[],"shapes":[{"ty":"gr","bm":0,"hd":false,"mn":"ADBE Vector Group","nm":"Shape 1","ix":1,"cix":2,"np":2,"it":[{"ty":"sh","bm":0,"hd":false,"mn":"ADBE Vector Shape - Group","nm":"Path 1","ix":1,"d":1,"ks":{"a":0,"k":{"c":false,"i":[[0,0],[0,0]],"o":[[0,0],[0,0]],"v":[[85,-6],[85,52]]},"ix":2}},{"ty":"st","bm":0,"hd":false,"mn":"ADBE Vector Graphic - Stroke","nm":"Stroke 1","lc":2,"lj":2,"ml":1,"o":{"a":0,"k":100,"ix":4},"w":{"a":0,"k":11,"ix":5},"c":{"a":0,"k":[0.1569,0.8549,0.7216],"ix":3}},{"ty":"tr","a":{"a":0,"k":[0,0],"ix":1},"s":{"a":0,"k":[100,100],"ix":3},"sk":{"a":0,"k":0,"ix":4},"p":{"a":0,"k":[0,0],"ix":2},"r":{"a":0,"k":0,"ix":6},"sa":{"a":0,"k":0,"ix":5},"o":{"a":0,"k":100,"ix":7}}]}],"ind":2},{"ty":4,"nm":"ort Outlines","sr":1,"st":0,"op":45,"ip":0,"hd":false,"ddd":0,"bm":0,"hasMask":false,"ao":0,"ks":{"a":{"a":0,"k":[36.5,77.795,0],"ix":1},"s":{"a":0,"k":[144.444,100,100],"ix":6},"sk":{"a":0,"k":0},"p":{"a":1,"k":[{"o":{"x":0.167,"y":0.167},"i":{"x":0.667,"y":1},"s":[85,53.545,0],"t":0,"ti":[0,-1.083,0],"to":[0,-1.167,0]},{"o":{"x":0.333,"y":0},"i":{"x":0.667,"y":1},"s":[85,46.545,0],"t":11,"ti":[0,-1.167,0],"to":[0,1.083,0]},{"o":{"x":0.333,"y":0},"i":{"x":0.833,"y":0.833},"s":[85,60.045,0],"t":32,"ti":[0,1.083,0],"to":[0,1.167,0]},{"s":[85,53.545,0],"t":45}],"ix":2},"r":{"a":0,"k":0,"ix":10},"sa":{"a":0,"k":0},"o":{"a":0,"k":100,"ix":11}},"ef":[],"shapes":[{"ty":"gr","bm":0,"hd":false,"mn":"ADBE Vector Group","nm":"Group 1","ix":1,"cix":2,"np":2,"it":[{"ty":"sh","bm":0,"hd":false,"mn":"ADBE Vector Shape - Group","nm":"Path 1","ix":1,"d":1,"ks":{"a":0,"k":{"c":true,"i":[[0,-12.426],[4.971,0],[0,12.426],[-4.971,0]],"o":[[0,12.426],[-4.971,0],[0,-12.426],[4.971,0]],"v":[[9,0],[0,22.5],[-9,0],[0,-22.5]]},"ix":2}},{"ty":"fl","bm":0,"hd":false,"mn":"ADBE Vector Graphic - Fill","nm":"Fill 1","c":{"a":0,"k":[0.1569,0.8549,0.7216],"ix":4},"r":1,"o":{"a":0,"k":100,"ix":5}},{"ty":"tr","a":{"a":0,"k":[0,0],"ix":1},"s":{"a":0,"k":[100,79.62],"ix":3},"sk":{"a":0,"k":0,"ix":4},"p":{"a":0,"k":[36.5,78.795],"ix":2},"r":{"a":0,"k":0,"ix":6},"sa":{"a":0,"k":0,"ix":5},"o":{"a":0,"k":100,"ix":7}}]}],"ind":3},{"ty":4,"nm":"dalga Outlines","sr":1,"st":0,"op":45,"ip":0,"hd":false,"ddd":0,"bm":0,"hasMask":false,"ao":0,"ks":{"a":{"a":0,"k":[171.5,36.744,0],"ix":1},"s":{"a":0,"k":[100,100,100],"ix":6},"sk":{"a":0,"k":0},"p":{"a":1,"k":[{"o":{"x":0.167,"y":0.167},"i":{"x":0.833,"y":0.833},"s":[157,23,0],"t":0,"ti":[24,0,0],"to":[-24,0,0]},{"s":[13,23,0],"t":45}],"ix":2},"r":{"a":0,"k":0,"ix":10},"sa":{"a":0,"k":0},"o":{"a":0,"k":100,"ix":11}},"ef":[],"shapes":[{"ty":"gr","bm":0,"hd":false,"mn":"ADBE Vector Group","nm":"Group 1","ix":1,"cix":2,"np":2,"it":[{"ty":"sh","bm":0,"hd":false,"mn":"ADBE Vector Shape - Group","nm":"Path 1","ix":1,"d":1,"ks":{"a":0,"k":{"c":false,"i":[[0,0],[0,0],[-23.11,9.244],[-23.11,-9.244],[-23.11,9.244],[-23.11,-9.244]],"o":[[0,0],[23.11,9.244],[23.11,-9.244],[23.11,9.244],[23.11,-9.244],[0,0]],"v":[[-144,0],[-144,0],[-72,0],[0,0],[72,0],[144,0]]},"ix":2}},{"ty":"st","bm":0,"hd":false,"mn":"ADBE Vector Graphic - Stroke","nm":"Stroke 1","lc":2,"lj":2,"ml":1,"o":{"a":0,"k":100,"ix":4},"w":{"a":0,"k":11,"ix":5},"c":{"a":0,"k":[0.1569,0.8549,0.7216],"ix":3}},{"ty":"tr","a":{"a":0,"k":[0,0],"ix":1},"s":{"a":0,"k":[100,100],"ix":3},"sk":{"a":0,"k":0,"ix":4},"p":{"a":0,"k":[171.5,36.744],"ix":2},"r":{"a":0,"k":0,"ix":6},"sa":{"a":0,"k":0,"ix":5},"o":{"a":0,"k":100,"ix":7}}]},{"ty":"tm","bm":0,"hd":false,"mn":"ADBE Vector Filter - Trim","nm":"Trim Paths 1","ix":2,"e":{"a":0,"k":50,"ix":2},"o":{"a":1,"k":[{"o":{"x":0.167,"y":0.167},"i":{"x":0.833,"y":0.833},"s":[0],"t":0},{"s":[180],"t":45}],"ix":3},"s":{"a":0,"k":0,"ix":1},"m":1}],"ind":4},{"ty":4,"nm":"dalga Outlines 2","sr":1,"st":0,"op":45,"ip":0,"hd":false,"ddd":0,"bm":0,"hasMask":false,"ao":0,"ks":{"a":{"a":0,"k":[171.5,36.744,0],"ix":1},"s":{"a":0,"k":[100,100,100],"ix":6},"sk":{"a":0,"k":0},"p":{"a":1,"k":[{"o":{"x":0.167,"y":0.167},"i":{"x":0.833,"y":0.833},"s":[157,86,0],"t":0,"ti":[24,0,0],"to":[-24,0,0]},{"s":[13,86,0],"t":45}],"ix":2},"r":{"a":0,"k":0,"ix":10},"sa":{"a":0,"k":0},"o":{"a":0,"k":100,"ix":11}},"ef":[],"shapes":[{"ty":"gr","bm":0,"hd":false,"mn":"ADBE Vector Group","nm":"Group 1","ix":1,"cix":2,"np":2,"it":[{"ty":"sh","bm":0,"hd":false,"mn":"ADBE Vector Shape - Group","nm":"Path 1","ix":1,"d":1,"ks":{"a":0,"k":{"c":false,"i":[[0,0],[0,0],[-23.11,9.244],[-23.11,-9.244],[-23.11,9.244],[-23.11,-9.244]],"o":[[0,0],[23.11,9.244],[23.11,-9.244],[23.11,9.244],[23.11,-9.244],[0,0]],"v":[[-144,0],[-144,0],[-72,0],[0,0],[72,0],[144,0]]},"ix":2}},{"ty":"st","bm":0,"hd":false,"mn":"ADBE Vector Graphic - Stroke","nm":"Stroke 1","lc":2,"lj":2,"ml":1,"o":{"a":0,"k":100,"ix":4},"w":{"a":0,"k":11,"ix":5},"c":{"a":0,"k":[0.1569,0.8549,0.7216],"ix":3}},{"ty":"tr","a":{"a":0,"k":[0,0],"ix":1},"s":{"a":0,"k":[100,100],"ix":3},"sk":{"a":0,"k":0,"ix":4},"p":{"a":0,"k":[171.5,36.744],"ix":2},"r":{"a":0,"k":0,"ix":6},"sa":{"a":0,"k":0,"ix":5},"o":{"a":0,"k":100,"ix":7}}]},{"ty":"tm","bm":0,"hd":false,"mn":"ADBE Vector Filter - Trim","nm":"Trim Paths 1","ix":2,"e":{"a":0,"k":50,"ix":2},"o":{"a":1,"k":[{"o":{"x":0.167,"y":0.167},"i":{"x":0.833,"y":0.833},"s":[0],"t":0},{"s":[180],"t":45}],"ix":3},"s":{"a":0,"k":0,"ix":1},"m":1}],"ind":5},{"ty":4,"nm":"kose Outlines 4","sr":1,"st":0,"op":45,"ip":0,"hd":false,"ddd":0,"bm":0,"hasMask":false,"ao":0,"ks":{"a":{"a":0,"k":[10.823,10.823,0],"ix":1},"s":{"a":0,"k":[100,100,100],"ix":6},"sk":{"a":0,"k":0},"p":{"a":1,"k":[{"o":{"x":0.167,"y":0.167},"i":{"x":0.667,"y":1},"s":[71.994,39.041,0],"t":0,"ti":[0,0,0],"to":[0,0,0]},{"o":{"x":0.333,"y":0},"i":{"x":0.833,"y":0.833},"s":[71.994,46.041,0],"t":22,"ti":[0,0,0],"to":[0,0,0]},{"s":[71.994,39.041,0],"t":45}],"ix":2},"r":{"a":0,"k":176.615,"ix":10},"sa":{"a":0,"k":0},"o":{"a":0,"k":100,"ix":11}},"ef":[],"shapes":[{"ty":"gr","bm":0,"hd":false,"mn":"ADBE Vector Group","nm":"Group 1","ix":1,"cix":2,"np":2,"it":[{"ty":"sh","bm":0,"hd":false,"mn":"ADBE Vector Shape - Group","nm":"Path 1","ix":1,"d":1,"ks":{"a":0,"k":{"c":true,"i":[[0,0],[11.679,0],[0,0]],"o":[[0,11.678],[0,0],[0,0]],"v":[[10.573,-10.573],[-10.573,10.573],[-10.573,-10.573]]},"ix":2}},{"ty":"fl","bm":0,"hd":false,"mn":"ADBE Vector Graphic - Fill","nm":"Fill 1","c":{"a":0,"k":[0.1569,0.8549,0.7216],"ix":4},"r":1,"o":{"a":0,"k":100,"ix":5}},{"ty":"tr","a":{"a":0,"k":[0,0],"ix":1},"s":{"a":0,"k":[100,100],"ix":3},"sk":{"a":0,"k":0,"ix":4},"p":{"a":0,"k":[10.823,10.823],"ix":2},"r":{"a":0,"k":0,"ix":6},"sa":{"a":0,"k":0,"ix":5},"o":{"a":0,"k":100,"ix":7}}]}],"ind":6,"parent":2},{"ty":4,"nm":"kose Outlines 3","sr":1,"st":0,"op":45,"ip":0,"hd":false,"ddd":0,"bm":0,"hasMask":false,"ao":0,"ks":{"a":{"a":0,"k":[10.823,10.823,0],"ix":1},"s":{"a":0,"k":[100,-100,100],"ix":6},"sk":{"a":0,"k":0},"p":{"a":1,"k":[{"o":{"x":0.167,"y":0.167},"i":{"x":0.667,"y":1},"s":[72.994,-2.959,0],"t":0,"ti":[0,0,0],"to":[0,0,0]},{"o":{"x":0.333,"y":0},"i":{"x":0.833,"y":0.833},"s":[72.994,4.041,0],"t":22,"ti":[0,0,0],"to":[0,0,0]},{"s":[72.994,-2.959,0],"t":45}],"ix":2},"r":{"a":0,"k":175.5,"ix":10},"sa":{"a":0,"k":0},"o":{"a":0,"k":100,"ix":11}},"ef":[],"shapes":[{"ty":"gr","bm":0,"hd":false,"mn":"ADBE Vector Group","nm":"Group 1","ix":1,"cix":2,"np":2,"it":[{"ty":"sh","bm":0,"hd":false,"mn":"ADBE Vector Shape - Group","nm":"Path 1","ix":1,"d":1,"ks":{"a":0,"k":{"c":true,"i":[[0,0],[11.679,0],[0,0]],"o":[[0,11.678],[0,0],[0,0]],"v":[[10.573,-10.573],[-10.573,10.573],[-10.573,-10.573]]},"ix":2}},{"ty":"fl","bm":0,"hd":false,"mn":"ADBE Vector Graphic - Fill","nm":"Fill 1","c":{"a":0,"k":[0.1569,0.8549,0.7216],"ix":4},"r":1,"o":{"a":0,"k":100,"ix":5}},{"ty":"tr","a":{"a":0,"k":[0,0],"ix":1},"s":{"a":0,"k":[100,100],"ix":3},"sk":{"a":0,"k":0,"ix":4},"p":{"a":0,"k":[10.823,10.823],"ix":2},"r":{"a":0,"k":0,"ix":6},"sa":{"a":0,"k":0,"ix":5},"o":{"a":0,"k":100,"ix":7}}]}],"ind":7,"parent":2},{"ty":4,"nm":"kose Outlines 2","sr":1,"st":0,"op":45,"ip":0,"hd":false,"ddd":0,"bm":0,"hasMask":false,"ao":0,"ks":{"a":{"a":0,"k":[10.823,10.823,0],"ix":1},"s":{"a":0,"k":[100,100,100],"ix":6},"sk":{"a":0,"k":0},"p":{"a":1,"k":[{"o":{"x":0.167,"y":0.167},"i":{"x":0.833,"y":0.833},"s":[98.381,6.334,0],"t":2,"ti":[0,1.167,0],"to":[0,-1.167,0]},{"o":{"x":0.167,"y":0.167},"i":{"x":0.833,"y":0.833},"s":[98.381,-0.666,0],"t":17,"ti":[0,0,0],"to":[0,0,0]},{"o":{"x":0.167,"y":0.167},"i":{"x":0.833,"y":0.833},"s":[98.381,-0.666,0],"t":29,"ti":[0,-1.167,0],"to":[0,1.167,0]},{"s":[98.381,6.334,0],"t":45}],"ix":2},"r":{"a":1,"k":[{"o":{"x":0.167,"y":0.167},"i":{"x":0.833,"y":0.833},"s":[0],"t":0},{"o":{"x":0.167,"y":0.167},"i":{"x":0.833,"y":0.833},"s":[-4],"t":11},{"o":{"x":0.167,"y":0.167},"i":{"x":0.833,"y":0.833},"s":[-4],"t":29},{"s":[0],"t":45}],"ix":10},"sa":{"a":0,"k":0},"o":{"a":0,"k":100,"ix":11}},"ef":[],"shapes":[{"ty":"gr","bm":0,"hd":false,"mn":"ADBE Vector Group","nm":"Group 1","ix":1,"cix":2,"np":2,"it":[{"ty":"sh","bm":0,"hd":false,"mn":"ADBE Vector Shape - Group","nm":"Path 1","ix":1,"d":1,"ks":{"a":0,"k":{"c":true,"i":[[0,0],[11.679,0],[0,0]],"o":[[0,11.678],[0,0],[0,0]],"v":[[10.573,-10.573],[-10.573,10.573],[-10.573,-10.573]]},"ix":2}},{"ty":"fl","bm":0,"hd":false,"mn":"ADBE Vector Graphic - Fill","nm":"Fill 1","c":{"a":0,"k":[0.1569,0.8549,0.7216],"ix":4},"r":1,"o":{"a":0,"k":100,"ix":5}},{"ty":"tr","a":{"a":0,"k":[0,0],"ix":1},"s":{"a":0,"k":[100,100],"ix":3},"sk":{"a":0,"k":0,"ix":4},"p":{"a":0,"k":[10.823,10.823],"ix":2},"r":{"a":0,"k":0,"ix":6},"sa":{"a":0,"k":0,"ix":5},"o":{"a":0,"k":100,"ix":7}}]}],"ind":8,"parent":1},{"ty":4,"nm":"kose Outlines","sr":1,"st":0,"op":45,"ip":0,"hd":false,"ddd":0,"bm":0,"hasMask":false,"ao":0,"ks":{"a":{"a":0,"k":[10.823,10.823,0],"ix":1},"s":{"a":0,"k":[100,-100,100],"ix":6},"sk":{"a":0,"k":0},"p":{"a":1,"k":[{"o":{"x":0.167,"y":0.167},"i":{"x":0.833,"y":0.833},"s":[97.381,48.334,0],"t":2,"ti":[0,1.167,0],"to":[0,-1.167,0]},{"o":{"x":0.167,"y":0.167},"i":{"x":0.833,"y":0.833},"s":[97.381,41.334,0],"t":17,"ti":[0,0,0],"to":[0,0,0]},{"o":{"x":0.167,"y":0.167},"i":{"x":0.833,"y":0.833},"s":[97.381,41.334,0],"t":29,"ti":[0,-1.167,0],"to":[0,1.167,0]},{"s":[97.381,48.334,0],"t":45}],"ix":2},"r":{"a":1,"k":[{"o":{"x":0.167,"y":0.167},"i":{"x":0.833,"y":0.833},"s":[0],"t":0},{"o":{"x":0.167,"y":0.167},"i":{"x":0.833,"y":0.833},"s":[-6],"t":11},{"o":{"x":0.167,"y":0.167},"i":{"x":0.833,"y":0.833},"s":[-6],"t":29},{"s":[0],"t":45}],"ix":10},"sa":{"a":0,"k":0},"o":{"a":0,"k":100,"ix":11}},"ef":[],"shapes":[{"ty":"gr","bm":0,"hd":false,"mn":"ADBE Vector Group","nm":"Group 1","ix":1,"cix":2,"np":2,"it":[{"ty":"sh","bm":0,"hd":false,"mn":"ADBE Vector Shape - Group","nm":"Path 1","ix":1,"d":1,"ks":{"a":0,"k":{"c":true,"i":[[0,0],[11.679,0],[0,0]],"o":[[0,11.678],[0,0],[0,0]],"v":[[10.573,-10.573],[-10.573,10.573],[-10.573,-10.573]]},"ix":2}},{"ty":"fl","bm":0,"hd":false,"mn":"ADBE Vector Graphic - Fill","nm":"Fill 1","c":{"a":0,"k":[0.1569,0.8549,0.7216],"ix":4},"r":1,"o":{"a":0,"k":100,"ix":5}},{"ty":"tr","a":{"a":0,"k":[0,0],"ix":1},"s":{"a":0,"k":[100,100],"ix":3},"sk":{"a":0,"k":0,"ix":4},"p":{"a":0,"k":[10.823,10.823],"ix":2},"r":{"a":0,"k":0,"ix":6},"sa":{"a":0,"k":0,"ix":5},"o":{"a":0,"k":100,"ix":7}}]}],"ind":9,"parent":1}]}]}