{"nm":"newScene","ddd":0,"h":2000,"w":2000,"meta":{"g":"LF SVG to Lottie"},"layers":[{"ty":4,"nm":"surface9502","sr":1,"st":0,"op":264,"ip":0,"hd":false,"ddd":0,"bm":0,"hasMask":false,"ao":0,"ks":{"a":{"a":0,"k":[0,0]},"s":{"a":0,"k":[133.33,133.33]},"sk":{"a":0,"k":0},"p":{"a":1,"k":[{"o":{"x":0.33,"y":0},"i":{"x":0.67,"y":1},"s":[0,0,0],"t":0,"ti":[0,0,0],"to":[0,4.17,0]},{"o":{"x":0.33,"y":0},"i":{"x":0.67,"y":1},"s":[0,25,0],"t":44,"ti":[0,0,0],"to":[0,0,0]},{"o":{"x":0.33,"y":0},"i":{"x":0.67,"y":1},"s":[0,0,0],"t":90,"ti":[0,0,0],"to":[0,0,0]},{"o":{"x":0.33,"y":0},"i":{"x":0.67,"y":1},"s":[0,25,0],"t":134,"ti":[0,4.17,0],"to":[0,0,0]},{"s":[0,0,0],"t":180}],"ix":2},"r":{"a":1,"k":[{"o":{"x":0.33,"y":0},"i":{"x":0.67,"y":1},"s":[-1],"t":0},{"o":{"x":0.33,"y":0},"i":{"x":0.67,"y":1},"s":[1],"t":26},{"o":{"x":0.33,"y":0},"i":{"x":0.67,"y":1},"s":[-1],"t":59},{"o":{"x":0.33,"y":0},"i":{"x":0.67,"y":1},"s":[1],"t":85},{"o":{"x":0.33,"y":0},"i":{"x":0.67,"y":1},"s":[-1],"t":118},{"o":{"x":0.33,"y":0},"i":{"x":0.67,"y":1},"s":[1],"t":144},{"s":[-1],"t":177}],"ix":10},"sa":{"a":0,"k":0},"o":{"a":0,"k":100}},"ef":[],"shapes":[{"ty":"gr","bm":0,"hd":false,"nm":"surface9502","it":[{"ty":"gr","bm":0,"hd":false,"nm":"","it":[{"ty":"sh","bm":0,"hd":false,"nm":"","d":1,"ks":{"a":0,"k":{"c":true,"i":[[0,0],[0,0],[-198.78,228.61],[-4.33,-0.91],[50,-162.88],[0,0],[198.86,-228.86],[4.25,0.95],[-49.86,163.16]],"o":[[0,0],[204.19,-234.82],[4.34,0.91],[-48.59,158.27],[0,0],[-205.46,236.45],[-4.25,-0.95],[48.63,-159.14],[0,0]],"v":[[716.13,853.89],[315.05,853.89],[916.79,161.85],[929.79,164.57],[782.61,644],[1184.95,644],[581.77,1338.15],[569.01,1335.32],[716.13,853.9]]}}},{"ty":"fl","bm":0,"hd":false,"nm":"","c":{"a":0,"k":[1,0.5647,0.9059]},"r":2,"o":{"a":0,"k":100}},{"ty":"tr","a":{"a":0,"k":[0,0]},"s":{"a":0,"k":[100,100]},"sk":{"a":0,"k":0},"p":{"a":0,"k":[0,0]},"r":{"a":0,"k":0},"sa":{"a":0,"k":0},"o":{"a":0,"k":100}}]},{"ty":"tr","a":{"a":0,"k":[0,0]},"s":{"a":0,"k":[100,100]},"sk":{"a":0,"k":0},"p":{"a":0,"k":[0,0]},"r":{"a":0,"k":0},"sa":{"a":0,"k":0},"o":{"a":0,"k":100}}]}],"ind":1}],"v":"5.6.6","fr":60,"op":180,"ip":0,"assets":[]}