{"nm":"UIActions-UnfoldMoreLess","ddd":0,"h":960,"w":960,"meta":{"g":"@lottiefiles/toolkit-js 0.33.2"},"layers":[{"ty":4,"nm":"arrow-top","sr":1,"st":0,"op":60,"ip":0,"hd":false,"ddd":0,"bm":0,"hasMask":false,"ao":0,"ks":{"a":{"a":0,"k":[0,0,0],"ix":1},"s":{"a":0,"k":[100,100,100],"ix":6},"sk":{"a":0,"k":0},"p":{"s":true,"x":{"a":0,"k":480,"ix":3},"y":{"a":1,"k":[{"o":{"x":0.33,"y":0},"i":{"x":0.67,"y":1},"s":[220],"t":0},{"o":{"x":0.4,"y":0},"i":{"x":0.4,"y":1},"s":[230.78],"t":5.46},{"o":{"x":0.292,"y":0},"i":{"x":0.377,"y":1},"s":[70.2],"t":19.47},{"o":{"x":0.33,"y":0},"i":{"x":0.67,"y":1},"s":[80],"t":30},{"o":{"x":0.4,"y":0},"i":{"x":0.4,"y":1},"s":[69.22],"t":35.46},{"o":{"x":0.292,"y":0},"i":{"x":0.377,"y":1},"s":[229.8],"t":49.47},{"s":[220],"t":60}],"ix":4},"z":{"a":0,"k":0}},"r":{"a":0,"k":0,"ix":10},"sa":{"a":0,"k":0},"o":{"a":0,"k":100,"ix":11}},"ef":[],"shapes":[{"ty":"gr","bm":0,"hd":false,"mn":"ADBE Vector Group","nm":"Group 1","ix":1,"cix":2,"np":2,"it":[{"ty":"sh","bm":0,"hd":false,"mn":"ADBE Vector Shape - Group","nm":"Path 1","ix":1,"d":1,"ks":{"a":1,"k":[{"o":{"x":0.33,"y":0},"i":{"x":0.67,"y":1},"s":[{"c":false,"i":[[0,0],[0,0],[0,0]],"o":[[0,0],[0,0],[0,0]],"v":[[-199.792,99.896],[0,-99.896],[199.792,99.896]]}],"t":0},{"o":{"x":0.4,"y":0},"i":{"x":0.4,"y":1},"s":[{"c":false,"i":[[0,0],[0,0],[0,0]],"o":[[0,0],[0,0],[0,0]],"v":[[-199.792,99.896],[0,-130.696],[199.792,99.896]]}],"t":5.46},{"o":{"x":0.292,"y":0},"i":{"x":0.377,"y":1},"s":[{"c":false,"i":[[0,0],[0,0],[0,0]],"o":[[0,0],[0,0],[0,0]],"v":[[-199.792,99.896],[0,328.104],[199.792,99.896]]}],"t":19.47},{"o":{"x":0.33,"y":0},"i":{"x":0.67,"y":1},"s":[{"c":false,"i":[[0,0],[0,0],[0,0]],"o":[[0,0],[0,0],[0,0]],"v":[[-199.792,99.896],[0,300.104],[199.792,99.896]]}],"t":30},{"o":{"x":0.4,"y":0},"i":{"x":0.4,"y":1},"s":[{"c":false,"i":[[0,0],[0,0],[0,0]],"o":[[0,0],[0,0],[0,0]],"v":[[-199.792,99.896],[0,330.904],[199.792,99.896]]}],"t":35.46},{"o":{"x":0.292,"y":0},"i":{"x":0.377,"y":1},"s":[{"c":false,"i":[[0,0],[0,0],[0,0]],"o":[[0,0],[0,0],[0,0]],"v":[[-199.792,99.896],[0,-127.896],[199.792,99.896]]}],"t":49.47},{"s":[{"c":false,"i":[[0,0],[0,0],[0,0]],"o":[[0,0],[0,0],[0,0]],"v":[[-199.792,99.896],[0,-99.896],[199.792,99.896]]}],"t":60}],"ix":2}},{"ty":"st","bm":0,"hd":false,"mn":"ADBE Vector Graphic - Stroke","nm":"Stroke 1","lc":1,"lj":1,"ml":10,"o":{"a":0,"k":100,"ix":4},"w":{"a":0,"k":80,"ix":5},"c":{"a":0,"k":[0.9843,0.2588,0.1216],"ix":3}},{"ty":"tr","a":{"a":0,"k":[0,0],"ix":1},"s":{"a":0,"k":[100,100],"ix":3},"sk":{"a":0,"k":0,"ix":4},"p":{"a":0,"k":[0,0],"ix":2},"r":{"a":0,"k":0,"ix":6},"sa":{"a":0,"k":0,"ix":5},"o":{"a":0,"k":100,"ix":7}}]}],"ind":1},{"ty":4,"nm":"arrow-bottom","sr":1,"st":0,"op":60,"ip":0,"hd":false,"ddd":0,"bm":0,"hasMask":false,"ao":0,"ks":{"a":{"a":0,"k":[0,0,0],"ix":1},"s":{"a":0,"k":[100,100,100],"ix":6},"sk":{"a":0,"k":0},"p":{"s":true,"x":{"a":0,"k":480,"ix":3},"y":{"a":1,"k":[{"o":{"x":0.33,"y":0},"i":{"x":0.67,"y":1},"s":[740],"t":0},{"o":{"x":0.4,"y":0},"i":{"x":0.4,"y":1},"s":[729.22],"t":5.46},{"o":{"x":0.292,"y":0},"i":{"x":0.377,"y":1},"s":[889.8],"t":19.47},{"o":{"x":0.33,"y":0},"i":{"x":0.67,"y":1},"s":[880],"t":30},{"o":{"x":0.4,"y":0},"i":{"x":0.4,"y":1},"s":[890.78],"t":35.46},{"o":{"x":0.292,"y":0},"i":{"x":0.377,"y":1},"s":[730.2],"t":49.47},{"s":[740],"t":60}],"ix":4},"z":{"a":0,"k":0}},"r":{"a":0,"k":0,"ix":10},"sa":{"a":0,"k":0},"o":{"a":0,"k":100,"ix":11}},"ef":[],"shapes":[{"ty":"gr","bm":0,"hd":false,"mn":"ADBE Vector Group","nm":"Group 1","ix":1,"cix":2,"np":2,"it":[{"ty":"sh","bm":0,"hd":false,"mn":"ADBE Vector Shape - Group","nm":"Path 1","ix":1,"d":1,"ks":{"a":1,"k":[{"o":{"x":0.33,"y":0},"i":{"x":0.67,"y":1},"s":[{"c":false,"i":[[0,0],[0,0],[0,0]],"o":[[0,0],[0,0],[0,0]],"v":[[-200,-100],[0,100],[200,-100]]}],"t":0},{"o":{"x":0.4,"y":0},"i":{"x":0.4,"y":1},"s":[{"c":false,"i":[[0,0],[0,0],[0,0]],"o":[[0,0],[0,0],[0,0]],"v":[[-200,-100],[0,130.8],[200,-100]]}],"t":5.46},{"o":{"x":0.292,"y":0},"i":{"x":0.377,"y":1},"s":[{"c":false,"i":[[0,0],[0,0],[0,0]],"o":[[0,0],[0,0],[0,0]],"v":[[-200,-100],[0,-328],[200,-100]]}],"t":19.47},{"o":{"x":0.33,"y":0},"i":{"x":0.67,"y":1},"s":[{"c":false,"i":[[0,0],[0,0],[0,0]],"o":[[0,0],[0,0],[0,0]],"v":[[-200,-100],[0,-300],[200,-100]]}],"t":30},{"o":{"x":0.4,"y":0},"i":{"x":0.4,"y":1},"s":[{"c":false,"i":[[0,0],[0,0],[0,0]],"o":[[0,0],[0,0],[0,0]],"v":[[-200,-100],[0,-330.8],[200,-100]]}],"t":35.46},{"o":{"x":0.292,"y":0},"i":{"x":0.377,"y":1},"s":[{"c":false,"i":[[0,0],[0,0],[0,0]],"o":[[0,0],[0,0],[0,0]],"v":[[-200,-100],[0,128],[200,-100]]}],"t":49.47},{"s":[{"c":false,"i":[[0,0],[0,0],[0,0]],"o":[[0,0],[0,0],[0,0]],"v":[[-200,-100],[0,100],[200,-100]]}],"t":60}],"ix":2}},{"ty":"st","bm":0,"hd":false,"mn":"ADBE Vector Graphic - Stroke","nm":"Stroke 1","lc":1,"lj":1,"ml":10,"o":{"a":0,"k":100,"ix":4},"w":{"a":0,"k":80,"ix":5},"c":{"a":0,"k":[0.9843,0.2588,0.1216],"ix":3}},{"ty":"tr","a":{"a":0,"k":[0,0],"ix":1},"s":{"a":0,"k":[100,100],"ix":3},"sk":{"a":0,"k":0,"ix":4},"p":{"a":0,"k":[0,0],"ix":2},"r":{"a":0,"k":0,"ix":6},"sa":{"a":0,"k":0,"ix":5},"o":{"a":0,"k":100,"ix":7}}]}],"ind":2}],"v":"5.9.0","fr":30,"op":60,"ip":0,"assets":[]}