{"nm":"Tribe Homepage Animation","ddd":0,"h":1000,"w":1000,"meta":{"g":"@lottiefiles/toolkit-js 0.33.2"},"layers":[{"ty":4,"nm":"Dash/Fingerprint Outlines","sr":1,"st":0,"op":250,"ip":0,"hd":false,"ddd":0,"bm":0,"hasMask":false,"ao":0,"ks":{"a":{"a":0,"k":[500,500,0],"ix":1},"s":{"a":0,"k":[100,100,100],"ix":6},"sk":{"a":0,"k":0},"p":{"a":0,"k":[502,501,0],"ix":2},"r":{"a":0,"k":0,"ix":10},"sa":{"a":0,"k":0},"o":{"a":0,"k":100,"ix":11}},"ef":[],"shapes":[{"ty":"gr","bm":0,"hd":false,"mn":"ADBE Vector Group","nm":"Group 1","ix":1,"cix":2,"np":2,"it":[{"ty":"sh","bm":0,"hd":false,"mn":"ADBE Vector Shape - Group","nm":"Path 1","ix":1,"d":1,"ks":{"a":0,"k":{"c":false,"i":[[0,0],[-10.645,2.13]],"o":[[0,0],[0,0]],"v":[[-17.033,2.661],[17.034,-2.661]]},"ix":2}},{"ty":"st","bm":0,"hd":false,"mn":"ADBE Vector Graphic - Stroke","nm":"Stroke 1","lc":2,"lj":1,"ml":10,"o":{"a":0,"k":100,"ix":4},"w":{"a":0,"k":38,"ix":5},"c":{"a":0,"k":[0,0,0],"ix":3}},{"ty":"tr","a":{"a":0,"k":[0,0],"ix":1},"s":{"a":0,"k":[100,100],"ix":3},"sk":{"a":0,"k":0,"ix":4},"p":{"a":0,"k":[702.832,895.62],"ix":2},"r":{"a":0,"k":0,"ix":6},"sa":{"a":0,"k":0,"ix":5},"o":{"a":0,"k":100,"ix":7}}]},{"ty":"tm","bm":0,"hd":false,"mn":"ADBE Vector Filter - Trim","nm":"Trim Paths 1","ix":2,"e":{"a":1,"k":[{"o":{"x":0.333,"y":0},"i":{"x":0.667,"y":1},"s":[0],"t":31},{"o":{"x":0.167,"y":0},"i":{"x":0.833,"y":1},"s":[100],"t":37},{"o":{"x":0.167,"y":0},"i":{"x":0.833,"y":1},"s":[100],"t":60},{"o":{"x":0.167,"y":0},"i":{"x":0.833,"y":1},"s":[7],"t":88},{"s":[100],"t":119}],"ix":2},"o":{"a":0,"k":0,"ix":3},"s":{"a":1,"k":[{"o":{"x":0.333,"y":0},"i":{"x":0.667,"y":1},"s":[0],"t":97},{"o":{"x":0.333,"y":0},"i":{"x":0.667,"y":1},"s":[67],"t":119},{"s":[0],"t":153}],"ix":1},"m":1}],"ind":1},{"ty":4,"nm":"Dot 1/Fingerprint Outlines 2","sr":1,"st":0,"op":250,"ip":0,"hd":false,"ddd":0,"bm":0,"hasMask":false,"ao":0,"ks":{"a":{"a":0,"k":[904,715,0],"ix":1},"s":{"a":1,"k":[{"o":{"x":0.605,"y":0},"i":{"x":0.994,"y":1},"s":[0,0,100],"t":7},{"o":{"x":0.018,"y":0},"i":{"x":0.236,"y":1},"s":[120,120,100],"t":33},{"s":[100,100,100],"t":49}],"ix":6},"sk":{"a":0,"k":0},"p":{"a":0,"k":[962,440,0],"ix":2},"r":{"a":0,"k":0,"ix":10},"sa":{"a":0,"k":0},"o":{"a":0,"k":100,"ix":11}},"ef":[],"shapes":[{"ty":"gr","bm":0,"hd":false,"mn":"ADBE Vector Group","nm":"Group 1","ix":1,"cix":2,"np":2,"it":[{"ty":"sh","bm":0,"hd":false,"mn":"ADBE Vector Shape - Group","nm":"Path 1","ix":1,"d":1,"ks":{"a":0,"k":{"c":true,"i":[[8.527,-6.055],[0,0],[3.79,0],[3.694,5.204],[-8.528,6.054],[0,0],[-6.054,-8.528]],"o":[[0,0],[-3.324,2.36],[-5.926,0],[-6.054,-8.544],[0,0],[8.527,-6.054],[6.055,8.527]],"v":[[11.081,16.654],[10.856,16.815],[-0.097,20.299],[-15.562,12.334],[-11.081,-14.084],[-10.856,-14.245],[15.561,-9.764]]},"ix":2}},{"ty":"fl","bm":0,"hd":false,"mn":"ADBE Vector Graphic - Fill","nm":"Fill 1","c":{"a":0,"k":[0,0,0],"ix":4},"r":1,"o":{"a":0,"k":100,"ix":5}},{"ty":"tr","a":{"a":0,"k":[0,0],"ix":1},"s":{"a":0,"k":[100,100],"ix":3},"sk":{"a":0,"k":0,"ix":4},"p":{"a":1,"k":[{"o":{"x":0.167,"y":0.167},"i":{"x":0.833,"y":0.833},"s":[903.794,714.309],"t":49,"ti":[0.535,-0.433],"to":[0.249,0.767]},{"o":{"x":0.167,"y":0.167},"i":{"x":0.833,"y":0.833},"s":[905.29,718.91],"t":71,"ti":[0.506,0.62],"to":[-0.535,0.433]},{"o":{"x":0.167,"y":0.167},"i":{"x":0.833,"y":0.833},"s":[900.582,716.909],"t":100,"ti":[-0.785,-0.333],"to":[-0.506,-0.62]},{"o":{"x":0.167,"y":0.167},"i":{"x":0.833,"y":0.833},"s":[902.256,715.191],"t":129,"ti":[0.279,-0.286],"to":[0.785,0.333]},{"o":{"x":0.167,"y":0.167},"i":{"x":0.833,"y":0.833},"s":[905.29,718.91],"t":158,"ti":[0.506,0.62],"to":[-0.279,0.286]},{"o":{"x":0.167,"y":0.167},"i":{"x":0.833,"y":0.833},"s":[900.582,716.909],"t":192,"ti":[-0.279,0.286],"to":[-0.506,-0.62]},{"s":[902.256,715.191],"t":221}],"ix":2},"r":{"a":0,"k":0,"ix":6},"sa":{"a":0,"k":0,"ix":5},"o":{"a":0,"k":100,"ix":7}}]}],"ind":2},{"ty":4,"nm":"Dot 1/Fingerprint Outlines","sr":1,"st":0,"op":250,"ip":0,"hd":false,"ddd":0,"bm":0,"hasMask":false,"ao":0,"ks":{"a":{"a":0,"k":[904,715,0],"ix":1},"s":{"a":1,"k":[{"o":{"x":0.605,"y":0},"i":{"x":0.994,"y":1},"s":[0,0,100],"t":17},{"o":{"x":0.018,"y":0},"i":{"x":0.236,"y":1},"s":[120,120,100],"t":43},{"s":[100,100,100],"t":59}],"ix":6},"sk":{"a":0,"k":0},"p":{"a":0,"k":[910,719,0],"ix":2},"r":{"a":0,"k":0,"ix":10},"sa":{"a":0,"k":0},"o":{"a":0,"k":100,"ix":11}},"ef":[],"shapes":[{"ty":"gr","bm":0,"hd":false,"mn":"ADBE Vector Group","nm":"Group 1","ix":1,"cix":2,"np":2,"it":[{"ty":"sh","bm":0,"hd":false,"mn":"ADBE Vector Shape - Group","nm":"Path 1","ix":1,"d":1,"ks":{"a":0,"k":{"c":true,"i":[[8.527,-6.055],[0,0],[3.79,0],[3.694,5.204],[-8.528,6.054],[0,0],[-6.054,-8.528]],"o":[[0,0],[-3.324,2.36],[-5.926,0],[-6.054,-8.544],[0,0],[8.527,-6.054],[6.055,8.527]],"v":[[11.081,16.654],[10.856,16.815],[-0.097,20.299],[-15.562,12.334],[-11.081,-14.084],[-10.856,-14.245],[15.561,-9.764]]},"ix":2}},{"ty":"fl","bm":0,"hd":false,"mn":"ADBE Vector Graphic - Fill","nm":"Fill 1","c":{"a":0,"k":[0,0,0],"ix":4},"r":1,"o":{"a":0,"k":100,"ix":5}},{"ty":"tr","a":{"a":0,"k":[0,0],"ix":1},"s":{"a":0,"k":[100,100],"ix":3},"sk":{"a":0,"k":0,"ix":4},"p":{"a":1,"k":[{"o":{"x":0.167,"y":0.167},"i":{"x":0.833,"y":0.833},"s":[903.794,714.309],"t":59,"ti":[0.825,0.035],"to":[-0.61,-0.537]},{"o":{"x":0.167,"y":0.167},"i":{"x":0.833,"y":0.833},"s":[900.133,711.088],"t":80,"ti":[-0.376,-0.428],"to":[-0.825,-0.035]},{"o":{"x":0.167,"y":0.167},"i":{"x":0.833,"y":0.833},"s":[898.845,714.1],"t":105,"ti":[-0.825,-0.035],"to":[0.376,0.428]},{"o":{"x":0.167,"y":0.167},"i":{"x":0.833,"y":0.833},"s":[902.388,713.655],"t":138,"ti":[0.376,0.428],"to":[0.825,0.035]},{"o":{"x":0.167,"y":0.167},"i":{"x":0.833,"y":0.833},"s":[903.794,714.309],"t":163,"ti":[0.825,0.035],"to":[-0.376,-0.428]},{"o":{"x":0.167,"y":0.167},"i":{"x":0.833,"y":0.833},"s":[900.133,711.088],"t":184,"ti":[-0.376,-0.428],"to":[-0.825,-0.035]},{"o":{"x":0.167,"y":0.167},"i":{"x":0.833,"y":0.833},"s":[898.845,714.1],"t":209,"ti":[-0.59,0.074],"to":[0.376,0.428]},{"s":[902.388,713.655],"t":242}],"ix":2},"r":{"a":0,"k":0,"ix":6},"sa":{"a":0,"k":0,"ix":5},"o":{"a":0,"k":100,"ix":7}}]}],"ind":3},{"ty":4,"nm":"Inner Line 2/Fingerprint Outlines","sr":1,"st":0,"op":250,"ip":0,"hd":false,"ddd":0,"bm":0,"hasMask":false,"ao":0,"ks":{"a":{"a":0,"k":[500,500,0],"ix":1},"s":{"a":0,"k":[100,100,100],"ix":6},"sk":{"a":0,"k":0},"p":{"a":0,"k":[500,500,0],"ix":2},"r":{"a":0,"k":0,"ix":10},"sa":{"a":0,"k":0},"o":{"a":0,"k":100,"ix":11}},"ef":[{"ty":5,"mn":"ADBE WRPMESH","nm":"Warp","ix":1,"en":1,"ef":[{"ty":7,"mn":"ADBE WRPMESH-0001","nm":"Warp Style","ix":1,"v":{"a":0,"k":1,"ix":1}},{"ty":7,"mn":"ADBE WRPMESH-0002","nm":"Warp Axis","ix":2,"v":{"a":0,"k":1,"ix":2}},{"ty":0,"mn":"ADBE WRPMESH-0003","nm":"Bend","ix":3,"v":{"a":0,"k":0,"ix":3}},{"ty":0,"mn":"ADBE WRPMESH-0004","nm":"Horizontal Distortion","ix":4,"v":{"a":1,"k":[{"o":{"x":0.167,"y":0.167},"i":{"x":0.833,"y":0.833},"s":[0],"t":48},{"s":[5],"t":125}],"ix":4}},{"ty":0,"mn":"ADBE WRPMESH-0005","nm":"Vertical Distortion","ix":5,"v":{"a":0,"k":0,"ix":5}}]}],"shapes":[{"ty":"gr","bm":0,"hd":false,"mn":"ADBE Vector Group","nm":"Group 1","ix":1,"cix":2,"np":2,"it":[{"ty":"sh","bm":0,"hd":false,"mn":"ADBE Vector Shape - Group","nm":"Path 1","ix":1,"d":1,"ks":{"a":0,"k":{"c":false,"i":[[0,0],[121.468,-2.525],[2.685,0],[72.503,81.817],[13.009,40.495],[-6.746,47.491],[-49.261,31.343],[-19.629,0.016],[-40.441,-25.993],[-3.208,-83.202],[0.133,-0.005]],"o":[[-3.229,1.843],[-2.733,0.062],[-114.784,0],[-29.773,-33.584],[-14.001,-43.512],[9.699,-68.278],[46.659,-29.68],[27.34,0],[35.963,23.122],[0.004,0.128],[0,0]],"v":[[297.575,234.832],[96.318,282.17],[88.212,282.247],[-215.423,149.603],[-279.896,37.964],[-290.829,-99.179],[-201.975,-249.312],[-84.994,-282.247],[28.929,-247.03],[111.645,-95.677],[111.412,-95.433]]},"ix":2}},{"ty":"st","bm":0,"hd":false,"mn":"ADBE Vector Graphic - Stroke","nm":"Stroke 1","lc":2,"lj":1,"ml":10,"o":{"a":0,"k":100,"ix":4},"w":{"a":0,"k":38,"ix":5},"c":{"a":0,"k":[0,0,0],"ix":3}},{"ty":"tr","a":{"a":0,"k":[0,0],"ix":1},"s":{"a":0,"k":[100,100],"ix":3},"sk":{"a":0,"k":0,"ix":4},"p":{"a":0,"k":[542.438,524.33],"ix":2},"r":{"a":0,"k":0,"ix":6},"sa":{"a":0,"k":0,"ix":5},"o":{"a":0,"k":100,"ix":7}}]},{"ty":"tm","bm":0,"hd":false,"mn":"ADBE Vector Filter - Trim","nm":"Trim Paths 1","ix":2,"e":{"a":0,"k":100,"ix":2},"o":{"a":0,"k":0,"ix":3},"s":{"a":0,"k":0,"ix":1},"m":1},{"ty":"tm","bm":0,"hd":false,"mn":"ADBE Vector Filter - Trim","nm":"Trim Paths 2","ix":3,"e":{"a":1,"k":[{"o":{"x":0.333,"y":0},"i":{"x":0.667,"y":1},"s":[100],"t":90},{"o":{"x":0.167,"y":0},"i":{"x":0.833,"y":1},"s":[96],"t":125},{"s":[100],"t":187}],"ix":2},"o":{"a":0,"k":0,"ix":3},"s":{"a":1,"k":[{"o":{"x":0.333,"y":0},"i":{"x":0.204,"y":1.057},"s":[100],"t":9},{"o":{"x":0.167,"y":0.431},"i":{"x":0.833,"y":1},"s":[0],"t":48},{"o":{"x":0.167,"y":0},"i":{"x":0.833,"y":1},"s":[3],"t":90},{"o":{"x":0.167,"y":0},"i":{"x":0.833,"y":1},"s":[0],"t":125},{"o":{"x":0.167,"y":0},"i":{"x":0.833,"y":1},"s":[3],"t":187},{"s":[0],"t":225}],"ix":1},"m":1}],"ind":4},{"ty":4,"nm":"Inner Line 3/Fingerprint Outlines","sr":1,"st":0,"op":250,"ip":0,"hd":false,"ddd":0,"bm":0,"hasMask":false,"ao":0,"ks":{"a":{"a":0,"k":[500,500,0],"ix":1},"s":{"a":0,"k":[100,100,100],"ix":6},"sk":{"a":0,"k":0},"p":{"a":0,"k":[500,500,0],"ix":2},"r":{"a":0,"k":0,"ix":10},"sa":{"a":0,"k":0},"o":{"a":0,"k":100,"ix":11}},"ef":[{"ty":5,"mn":"ADBE WRPMESH","nm":"Warp","ix":1,"en":1,"ef":[{"ty":7,"mn":"ADBE WRPMESH-0001","nm":"Warp Style","ix":1,"v":{"a":0,"k":1,"ix":1}},{"ty":7,"mn":"ADBE WRPMESH-0002","nm":"Warp Axis","ix":2,"v":{"a":0,"k":1,"ix":2}},{"ty":0,"mn":"ADBE WRPMESH-0003","nm":"Bend","ix":3,"v":{"a":0,"k":0,"ix":3}},{"ty":0,"mn":"ADBE WRPMESH-0004","nm":"Horizontal Distortion","ix":4,"v":{"a":0,"k":0,"ix":4}},{"ty":0,"mn":"ADBE WRPMESH-0005","nm":"Vertical Distortion","ix":5,"v":{"a":1,"k":[{"o":{"x":0.167,"y":0.167},"i":{"x":0.833,"y":0.833},"s":[0],"t":37},{"o":{"x":0.167,"y":0.167},"i":{"x":0.833,"y":0.833},"s":[5],"t":125},{"s":[0],"t":200}],"ix":5}}]}],"shapes":[{"ty":"gr","bm":0,"hd":false,"mn":"ADBE Vector Group","nm":"Group 1","ix":1,"cix":2,"np":2,"it":[{"ty":"sh","bm":0,"hd":false,"mn":"ADBE Vector Shape - Group","nm":"Path 1","ix":1,"d":1,"ks":{"a":0,"k":{"c":false,"i":[[0,0],[112.246,83.377],[-28.197,119.869],[-45.388,41.924],[-74.283,7.76],[-9.53,0],[-55.333,-50.627],[1.201,-78.417],[16.706,-17.11],[26.606,-0.856],[1.065,0],[19.09,18.229],[0.914,23.153],[0,0],[17.032,16.261]],"o":[[-65.774,-0.775],[-149.165,-110.818],[16.923,-71.86],[47.17,-43.549],[9.248,-0.966],[75.336,0],[56.781,51.957],[-0.33,22.11],[-18.049,18.494],[-1.057,0.035],[-27.604,0.002],[-16.476,-15.74],[0,0],[-0.343,-23.912],[0,0]],"v":[[153.296,377.049],[-126.655,274.456],[-285.941,-126.784],[-192.036,-298.264],[-9,-375.591],[19.298,-377.048],[227.978,-296.197],[312.937,-96.91],[286.129,-35.201],[216.884,-5.198],[213.695,-5.146],[137.994,-34.697],[111.216,-94.142],[111.198,-96.301],[84.937,-158.118]]},"ix":2}},{"ty":"st","bm":0,"hd":false,"mn":"ADBE Vector Graphic - Stroke","nm":"Stroke 1","lc":2,"lj":1,"ml":10,"o":{"a":0,"k":100,"ix":4},"w":{"a":0,"k":38,"ix":5},"c":{"a":0,"k":[0,0,0],"ix":3}},{"ty":"tr","a":{"a":0,"k":[0,0],"ix":1},"s":{"a":0,"k":[100,100],"ix":3},"sk":{"a":0,"k":0,"ix":4},"p":{"a":0,"k":[440.543,525.582],"ix":2},"r":{"a":0,"k":0,"ix":6},"sa":{"a":0,"k":0,"ix":5},"o":{"a":0,"k":100,"ix":7}}]},{"ty":"tm","bm":0,"hd":false,"mn":"ADBE Vector Filter - Trim","nm":"Trim Paths 1","ix":2,"e":{"a":0,"k":100,"ix":2},"o":{"a":0,"k":0,"ix":3},"s":{"a":0,"k":0,"ix":1},"m":1},{"ty":"tm","bm":0,"hd":false,"mn":"ADBE Vector Filter - Trim","nm":"Trim Paths 2","ix":3,"e":{"a":1,"k":[{"o":{"x":0.333,"y":0},"i":{"x":0.667,"y":1},"s":[100],"t":52},{"o":{"x":0.333,"y":0},"i":{"x":0.833,"y":1},"s":[97],"t":82},{"o":{"x":0.167,"y":0},"i":{"x":0.667,"y":1},"s":[100],"t":125},{"o":{"x":0.167,"y":0},"i":{"x":0.833,"y":1},"s":[97],"t":174},{"s":[100],"t":201}],"ix":2},"o":{"a":0,"k":0,"ix":3},"s":{"a":1,"k":[{"o":{"x":0.48,"y":0},"i":{"x":0.204,"y":1},"s":[100],"t":0},{"o":{"x":0.167,"y":0},"i":{"x":0.833,"y":1},"s":[0],"t":37},{"o":{"x":0.167,"y":0},"i":{"x":0.833,"y":1},"s":[0],"t":82},{"o":{"x":0.167,"y":0},"i":{"x":0.833,"y":1},"s":[3],"t":125},{"s":[0],"t":174}],"ix":1},"m":1}],"ind":5},{"ty":4,"nm":"Inner Line/Fingerprint Outlines","sr":1,"st":0,"op":250,"ip":0,"hd":false,"ddd":0,"bm":0,"hasMask":false,"ao":0,"ks":{"a":{"a":0,"k":[500,500,0],"ix":1},"s":{"a":0,"k":[100,100,100],"ix":6},"sk":{"a":0,"k":0},"p":{"a":0,"k":[500,500,0],"ix":2},"r":{"a":0,"k":0,"ix":10},"sa":{"a":0,"k":0},"o":{"a":0,"k":100,"ix":11}},"ef":[{"ty":5,"mn":"ADBE WRPMESH","nm":"Warp","ix":1,"en":1,"ef":[{"ty":7,"mn":"ADBE WRPMESH-0001","nm":"Warp Style","ix":1,"v":{"a":0,"k":1,"ix":1}},{"ty":7,"mn":"ADBE WRPMESH-0002","nm":"Warp Axis","ix":2,"v":{"a":0,"k":1,"ix":2}},{"ty":0,"mn":"ADBE WRPMESH-0003","nm":"Bend","ix":3,"v":{"a":0,"k":0,"ix":3}},{"ty":0,"mn":"ADBE WRPMESH-0004","nm":"Horizontal Distortion","ix":4,"v":{"a":0,"k":0,"ix":4}},{"ty":0,"mn":"ADBE WRPMESH-0005","nm":"Vertical Distortion","ix":5,"v":{"a":1,"k":[{"o":{"x":0.167,"y":0.167},"i":{"x":0.833,"y":0.833},"s":[0],"t":33},{"o":{"x":0.167,"y":0.167},"i":{"x":0.833,"y":0.833},"s":[-7],"t":125},{"s":[0],"t":200}],"ix":5}}]}],"shapes":[{"ty":"gr","bm":0,"hd":false,"mn":"ADBE Vector Group","nm":"Group 1","ix":1,"cix":2,"np":2,"it":[{"ty":"sh","bm":0,"hd":false,"mn":"ADBE Vector Shape - Group","nm":"Path 1","ix":1,"d":1,"ks":{"a":0,"k":{"c":false,"i":[[0,0],[47.67,-33.349],[60.06,-5.206],[8.494,0],[66.143,66.6],[-6.994,74.281],[-15.967,16.812],[-26.599,0.852],[-1.091,0],[-19.09,-18.229]],"o":[[-19.237,55.994],[-44.732,31.29],[-7.855,0.689],[-69.127,0],[-49.265,-49.622],[2.162,-22.918],[17.859,-18.826],[1.108,-0.036],[27.546,0],[0,0]],"v":[[295.698,-7.652],[193.429,128.909],[33.244,184.697],[8.617,185.735],[-224.087,95.405],[-288.704,-93.994],[-260.59,-155.606],[-192.639,-185.682],[-189.349,-185.735],[-113.743,-156.181]]},"ix":2}},{"ty":"st","bm":0,"hd":false,"mn":"ADBE Vector Graphic - Stroke","nm":"Stroke 1","lc":2,"lj":1,"ml":10,"o":{"a":0,"k":100,"ix":4},"w":{"a":0,"k":38,"ix":5},"c":{"a":0,"k":[0,0,0],"ix":3}},{"ty":"tr","a":{"a":0,"k":[0,0],"ix":1},"s":{"a":0,"k":[100,100],"ix":3},"sk":{"a":0,"k":0,"ix":4},"p":{"a":0,"k":[639.248,523.664],"ix":2},"r":{"a":0,"k":0,"ix":6},"sa":{"a":0,"k":0,"ix":5},"o":{"a":0,"k":100,"ix":7}}]},{"ty":"tm","bm":0,"hd":false,"mn":"ADBE Vector Filter - Trim","nm":"Trim Paths 1","ix":2,"e":{"a":0,"k":100,"ix":2},"o":{"a":0,"k":0,"ix":3},"s":{"a":0,"k":0,"ix":1},"m":1},{"ty":"tm","bm":0,"hd":false,"mn":"ADBE Vector Filter - Trim","nm":"Trim Paths 2","ix":3,"e":{"a":1,"k":[{"o":{"x":0.167,"y":0},"i":{"x":0.833,"y":1},"s":[100],"t":83},{"o":{"x":0.163,"y":0},"i":{"x":0.829,"y":1},"s":[95],"t":125},{"s":[100],"t":175}],"ix":2},"o":{"a":0,"k":0,"ix":3},"s":{"a":1,"k":[{"o":{"x":0.333,"y":0},"i":{"x":0.204,"y":1.054},"s":[100],"t":0},{"o":{"x":0.167,"y":0.283},"i":{"x":0.833,"y":1},"s":[0],"t":37},{"o":{"x":0.167,"y":0},"i":{"x":0.833,"y":1},"s":[5],"t":83},{"o":{"x":0.167,"y":0},"i":{"x":0.833,"y":1},"s":[0],"t":125},{"o":{"x":0.167,"y":0},"i":{"x":0.731,"y":1.158},"s":[5],"t":175},{"s":[0],"t":223}],"ix":1},"m":1}],"ind":6},{"ty":4,"nm":"Inner Outer Line/Fingerprint Outlines","sr":1,"st":0,"op":250,"ip":0,"hd":false,"ddd":0,"bm":0,"hasMask":false,"ao":0,"ks":{"a":{"a":0,"k":[500,500,0],"ix":1},"s":{"a":0,"k":[100,100,100],"ix":6},"sk":{"a":0,"k":0},"p":{"a":0,"k":[500,500,0],"ix":2},"r":{"a":0,"k":0,"ix":10},"sa":{"a":0,"k":0},"o":{"a":0,"k":100,"ix":11}},"ef":[{"ty":5,"mn":"ADBE WRPMESH","nm":"Warp","ix":1,"en":1,"ef":[{"ty":7,"mn":"ADBE WRPMESH-0001","nm":"Warp Style","ix":1,"v":{"a":0,"k":1,"ix":1}},{"ty":7,"mn":"ADBE WRPMESH-0002","nm":"Warp Axis","ix":2,"v":{"a":0,"k":1,"ix":2}},{"ty":0,"mn":"ADBE WRPMESH-0003","nm":"Bend","ix":3,"v":{"a":0,"k":0,"ix":3}},{"ty":0,"mn":"ADBE WRPMESH-0004","nm":"Horizontal Distortion","ix":4,"v":{"a":0,"k":0,"ix":4}},{"ty":0,"mn":"ADBE WRPMESH-0005","nm":"Vertical Distortion","ix":5,"v":{"a":1,"k":[{"o":{"x":0.167,"y":0.167},"i":{"x":0.833,"y":0.833},"s":[0],"t":49},{"o":{"x":0.167,"y":0.167},"i":{"x":0.833,"y":0.833},"s":[5],"t":126},{"s":[0],"t":200}],"ix":5}}]}],"shapes":[{"ty":"gr","bm":0,"hd":false,"mn":"ADBE Vector Group","nm":"Group 1","ix":1,"cix":2,"np":2,"it":[{"ty":"sh","bm":0,"hd":false,"mn":"ADBE Vector Shape - Group","nm":"Path 1","ix":1,"d":1,"ks":{"a":0,"k":{"c":false,"i":[[0,0],[61.553,129.802],[-4.391,80.933],[-39.364,61.669],[-57.281,31.73],[-71.148,0],[-1.286,-0.011],[-75.68,-81.865],[6.171,-87.403],[52.759,-32.755],[9.513,-0.399],[0,0],[0,0],[2.744,0],[42.08,29.496],[0,73.79]],"o":[[-83.062,-36.454],[-37.173,-78.372],[4.097,-75.438],[35.933,-56.286],[59.796,-33.109],[1.282,0],[119.514,0.985],[62.86,68],[-4.763,67.568],[-48.549,30.141],[0,0],[0,0],[-1.682,0.064],[-31.523,0],[-33.125,-23.225],[0,0]],"v":[[-98.965,442.732],[-354.065,191.369],[-403.469,-48.714],[-337.036,-258.293],[-194.55,-392.833],[2.788,-442.732],[6.635,-442.715],[313.777,-312.348],[401.689,-71.361],[313.762,81.988],[205.791,116.046],[206.097,116.035],[205.002,116.073],[196.106,116.302],[73.829,76.299],[1.216,-63.892]]},"ix":2}},{"ty":"st","bm":0,"hd":false,"mn":"ADBE Vector Graphic - Stroke","nm":"Stroke 1","lc":2,"lj":1,"ml":10,"o":{"a":0,"k":100,"ix":4},"w":{"a":0,"k":38,"ix":5},"c":{"a":0,"k":[0,0,0],"ix":3}},{"ty":"tr","a":{"a":0,"k":[0,0],"ix":1},"s":{"a":0,"k":[100,100],"ix":3},"sk":{"a":0,"k":0,"ix":4},"p":{"a":0,"k":[450.491,499.982],"ix":2},"r":{"a":0,"k":0,"ix":6},"sa":{"a":0,"k":0,"ix":5},"o":{"a":0,"k":100,"ix":7}}]},{"ty":"tm","bm":0,"hd":false,"mn":"ADBE Vector Filter - Trim","nm":"Trim Paths 1","ix":2,"e":{"a":1,"k":[{"o":{"x":0.333,"y":0},"i":{"x":0.667,"y":1},"s":[100],"t":49},{"o":{"x":0.167,"y":0},"i":{"x":0.667,"y":1},"s":[98],"t":126},{"o":{"x":0.333,"y":0},"i":{"x":0.667,"y":1},"s":[100],"t":200},{"s":[100],"t":225}],"ix":2},"o":{"a":0,"k":0,"ix":3},"s":{"a":1,"k":[{"o":{"x":0.57,"y":0},"i":{"x":0.489,"y":1},"s":[100],"t":0},{"o":{"x":0.167,"y":0},"i":{"x":0.833,"y":1},"s":[3],"t":49},{"o":{"x":0.167,"y":0},"i":{"x":0.489,"y":1},"s":[0],"t":126},{"s":[3],"t":200}],"ix":1},"m":1}],"ind":7}],"v":"5.5.8","fr":25,"op":250,"ip":0,"assets":[]}